Date,Player 1,Player 2,Winner,Player 1 Thinking Time,Player 2 Thinking Time,Total Moves2024-01-04 00:58,./engine1.exe,./engine2.exe,./engine2.exe,0.020128999999999998,0.028009,691
2024-01-04 00:58,./engine1.exe,./engine2.exe,./engine2.exe,0.016132,0.024773000000000003,691
2024-01-04 00:58,./engine1.exe,./engine2.exe,./engine2.exe,0.027815999999999997,0.012823000000000001,691
2024-01-04 00:58,./engine1.exe,./engine2.exe,./engine2.exe,0.027251,0.021424,691
2024-01-04 00:58,./engine1.exe,./engine2.exe,./engine2.exe,0.018587,0.027553999999999995,691
2024-01-04 00:58,./engine1.exe,./engine2.exe,./engine2.exe,0.022536,0.024147000000000002,691
2024-01-04 00:58,./engine1.exe,./engine2.exe,./engine2.exe,0.025084,0.020862000000000006,691
2024-01-04 00:59,./engine1.exe,./engine2.exe,./engine1.exe,0.007543,0.004864,62
2024-01-04 00:59,./engine1.exe,./engine2.exe,./engine1.exe,0.005532,0.018947,62
2024-01-04 00:59,./engine1.exe,./engine2.exe,./engine1.exe,0.009375999999999999,0.004453,62
2024-01-04 00:59,./engine1.exe,./engine2.exe,./engine1.exe,0.008111,0.005093,62
2024-01-04 00:59,./engine1.exe,./engine2.exe,./engine1.exe,0.006636,0.012190000000000001,62
2024-01-04 00:59,./engine1.exe,./engine2.exe,./engine1.exe,0.011239,0.002999,62
2024-01-04 00:59,./engine1.exe,./engine2.exe,./engine1.exe,0.004476,0.010958,62
2024-01-04 00:59,./engine1.exe,./engine2.exe,./engine1.exe,0.006255999999999999,0.012111,62
2024-01-04 00:59,./engine1.exe,./engine2.exe,./engine1.exe,0.009241,0.007686,62
2024-01-04 00:59,./engine1.exe,./engine2.exe,./engine1.exe,0.007848,0.010294000000000001,62
2024-01-04 00:59,./engine1.exe,./engine2.exe,./engine1.exe,0.005329,0.010068,62
2024-01-04 00:59,./engine1.exe,./engine2.exe,./engine2.exe,0.017830999999999996,0.010062999999999999,123
2024-01-04 00:59,./engine1.exe,./engine2.exe,./engine2.exe,0.015453,0.018789999999999998,123
2024-01-04 00:59,./engine1.exe,./engine2.exe,./engine2.exe,0.014818000000000001,0.016425,123
2024-01-04 00:59,./engine1.exe,./engine2.exe,./engine2.exe,0.010126,0.016156000000000004,123
2024-01-04 00:59,./engine1.exe,./engine2.exe,./engine2.exe,0.032022,0.0028209999999999997,123
2024-01-04 00:59,./engine1.exe,./engine2.exe,./engine2.exe,0.020870999999999997,0.021054999999999997,123
2024-01-04 00:59,./engine1.exe,./engine2.exe,./engine2.exe,0.011042,0.015546,123
2024-01-04 00:59,./engine1.exe,./engine2.exe,./engine2.exe,0.024509,0.008722,123
2024-01-04 00:59,./engine1.exe,./engine2.exe,./engine2.exe,0.021795,0.010713,123
2024-01-04 00:59,./engine1.exe,./engine2.exe,./engine2.exe,0.011395999999999998,0.007687,79
2024-01-04 00:59,./engine1.exe,./engine2.exe,./engine2.exe,0.008151,0.009675,79
2024-01-04 00:59,./engine1.exe,./engine2.exe,./engine2.exe,0.010634999999999999,0.009510999999999999,79
2024-01-04 00:59,./engine1.exe,./engine2.exe,./engine2.exe,0.015781,0.004655,79
2024-01-04 00:59,./engine1.exe,./engine2.exe,./engine2.exe,0.008518,0.013490000000000002,79
2024-01-04 00:59,./engine1.exe,./engine2.exe,./engine2.exe,0.016778,0.015261,79
2024-01-04 00:59,./engine1.exe,./engine2.exe,./engine2.exe,0.0066809999999999994,0.013427000000000001,79
2024-01-04 00:59,./engine1.exe,./engine2.exe,./engine2.exe,0.012169999999999999,0.006788999999999999,79
2024-01-04 00:59,./engine1.exe,./engine2.exe,./engine2.exe,0.011213,0.008676,79
2024-01-04 00:59,./engine1.exe,./engine2.exe,./engine2.exe,0.006483,0.012405,79
2024-01-04 00:59,./engine1.exe,./engine2.exe,./engine2.exe,0.011692000000000001,0.007419,79
2024-01-04 00:59,./engine1.exe,./engine2.exe,./engine1.exe,0.020621999999999998,0.017529,142
2024-01-04 00:59,./engine1.exe,./engine2.exe,./engine1.exe,0.016340000000000004,0.029429000000000004,142
2024-01-04 00:59,./engine1.exe,./engine2.exe,./engine1.exe,0.015942,0.019565,142
2024-01-04 00:59,./engine1.exe,./engine2.exe,./engine1.exe,0.009467000000000001,0.019138999999999996,142
2024-01-04 00:59,./engine1.exe,./engine2.exe,./engine1.exe,0.013385999999999999,0.017771,142
2024-01-04 00:59,./engine1.exe,./engine2.exe,./engine1.exe,0.021263999999999998,0.014657,142
2024-01-04 00:59,./engine1.exe,./engine2.exe,./engine1.exe,0.018996999999999997,0.017404,142
2024-01-04 00:59,./engine1.exe,./engine2.exe,./engine1.exe,0.020403,0.019261,142
2024-01-04 00:59,./engine1.exe,./engine2.exe,./engine1.exe,0.02772,0.014060000000000005,142
2024-01-04 00:59,./engine1.exe,./engine2.exe,./engine1.exe,0.010631999999999999,0.019160000000000003,100
2024-01-04 00:59,./engine1.exe,./engine2.exe,./engine1.exe,0.020105999999999995,0.010046000000000001,100
2024-01-04 00:59,./engine1.exe,./engine2.exe,./engine1.exe,0.010062999999999999,0.011734,100
2024-01-04 00:59,./engine1.exe,./engine2.exe,./engine1.exe,0.012822999999999998,0.011104000000000001,100
2024-01-04 00:59,./engine1.exe,./engine2.exe,./engine1.exe,0.014390000000000002,0.009187000000000002,100
2024-01-04 00:59,./engine1.exe,./engine2.exe,./engine1.exe,0.014771,0.009608,100
2024-01-04 00:59,./engine1.exe,./engine2.exe,./engine1.exe,0.009435000000000002,0.015567999999999999,100
2024-01-04 00:59,./engine1.exe,./engine2.exe,./engine1.exe,0.014308000000000003,0.009708999999999999,100
2024-01-04 00:59,./engine1.exe,./engine2.exe,./engine1.exe,0.015305000000000003,0.009278,100
2024-01-04 00:59,./engine1.exe,./engine2.exe,./engine1.exe,0.014523999999999999,0.01227,100
2024-01-04 00:59,./engine1.exe,./engine2.exe,./engine1.exe,0.010990999999999999,0.008912,74
2024-01-04 00:59,./engine1.exe,./engine2.exe,./engine1.exe,0.017223000000000002,0.008662,74
2024-01-04 00:59,./engine1.exe,./engine2.exe,./engine1.exe,0.008872999999999999,0.007504,74
2024-01-04 00:59,./engine1.exe,./engine2.exe,./engine1.exe,0.010115999999999998,0.015022,74
2024-01-04 00:59,./engine1.exe,./engine2.exe,./engine1.exe,0.011468000000000002,0.012993999999999999,74
2024-01-04 00:59,./engine1.exe,./engine2.exe,./engine1.exe,0.0070030000000000005,0.018940000000000002,74
2024-01-04 00:59,./engine1.exe,./engine2.exe,./engine1.exe,0.007737000000000001,0.010144,74
2024-01-04 00:59,./engine1.exe,./engine2.exe,./engine1.exe,0.010284,0.014590999999999998,74
2024-01-04 00:59,./engine1.exe,./engine2.exe,./engine1.exe,0.010987000000000002,0.0070869999999999995,74
2024-01-04 00:59,./engine1.exe,./engine2.exe,./engine1.exe,0.007708,0.009356,74
2024-01-04 00:59,./engine1.exe,./engine2.exe,./engine2.exe,0.008317,0.0037550000000000005,53
2024-01-04 00:59,./engine1.exe,./engine2.exe,./engine2.exe,0.008799,0.00332,53
2024-01-04 00:59,./engine1.exe,./engine2.exe,./engine2.exe,0.006700000000000001,0.009328000000000001,53
2024-01-04 00:59,./engine1.exe,./engine2.exe,./engine2.exe,0.003,0.006050000000000001,53
2024-01-04 00:59,./engine1.exe,./engine2.exe,./engine2.exe,0.0069229999999999995,0.006513,53
2024-01-04 00:59,./engine1.exe,./engine2.exe,./engine2.exe,0.005894,0.005415999999999999,53
2024-01-04 00:59,./engine1.exe,./engine2.exe,./engine2.exe,0.005379,0.008616,53
2024-01-04 00:59,./engine1.exe,./engine2.exe,./engine2.exe,0.006893,0.007583,53
2024-01-04 00:59,./engine1.exe,./engine2.exe,./engine2.exe,0.009521,0.007288,53
2024-01-04 00:59,./engine1.exe,./engine2.exe,./engine2.exe,0.004709,0.007581,53
2024-01-04 00:59,./engine1.exe,./engine2.exe,./engine2.exe,0.0050100000000000006,0.00522,53
2024-01-04 00:59,./engine1.exe,./engine2.exe,./engine2.exe,0.006239000000000001,0.004502,53
2024-01-04 00:59,./engine1.exe,./engine2.exe,./engine2.exe,0.004276,0.005541000000000001,53
2024-01-04 00:59,./engine1.exe,./engine2.exe,./engine1.exe,0.035030000000000006,0.028482,232
2024-01-04 00:59,./engine1.exe,./engine2.exe,./engine1.exe,0.032304,0.030701,232
2024-01-04 00:59,./engine1.exe,./engine2.exe,./engine1.exe,0.025719000000000002,0.03204800000000001,232
2024-01-04 00:59,./engine1.exe,./engine2.exe,./engine1.exe,0.026870999999999996,0.034545,232
2024-01-04 00:59,./engine1.exe,./engine2.exe,./engine1.exe,0.037198999999999996,0.031749000000000006,232
2024-01-04 00:59,./engine1.exe,./engine2.exe,./engine1.exe,0.023536,0.029143999999999996,232
2024-01-04 00:59,./engine1.exe,./engine2.exe,./engine1.exe,0.03639099999999999,0.022659999999999996,254
2024-01-04 00:59,./engine1.exe,./engine2.exe,./engine1.exe,0.028839000000000004,0.03529600000000001,254
2024-01-04 00:59,./engine1.exe,./engine2.exe,./engine1.exe,0.04027300000000001,0.032021,254
2024-01-04 00:59,./engine1.exe,./engine2.exe,./engine1.exe,0.033393,0.024482,254
2024-01-04 00:59,./engine1.exe,./engine2.exe,./engine1.exe,0.024163999999999998,0.035787,254
2024-01-04 00:59,./engine1.exe,./engine2.exe,./engine1.exe,0.03406300000000001,0.027094000000000003,254
2024-01-04 00:59,./engine1.exe,./engine2.exe,./engine1.exe,0.07372500000000004,0.063413,480
2024-01-04 00:59,./engine1.exe,./engine2.exe,./engine1.exe,0.05243000000000001,0.07373100000000002,480
2024-01-04 00:59,./engine1.exe,./engine2.exe,./engine1.exe,0.05231699999999999,0.061431,480
2024-01-04 00:59,./engine1.exe,./engine2.exe,./engine1.exe,0.031946999999999996,0.033426,286
2024-01-04 00:59,./engine1.exe,./engine2.exe,./engine1.exe,0.03402,0.043699000000000016,286
2024-01-04 00:59,./engine1.exe,./engine2.exe,./engine1.exe,0.038951,0.031079999999999993,286
2024-01-04 00:59,./engine1.exe,./engine2.exe,./engine1.exe,0.03705000000000001,0.040707999999999994,286
2024-01-04 00:59,./engine1.exe,./engine2.exe,./engine1.exe,0.037424,0.043326,286
2024-01-04 00:59,./engine1.exe,./engine2.exe,./engine1.exe,0.05193599999999998,0.029234,286
2024-01-04 00:59,./engine1.exe,./engine2.exe,./engine1.exe,0.027897999999999996,0.0288,214
2024-01-04 00:59,./engine1.exe,./engine2.exe,./engine1.exe,0.021928999999999997,0.031946999999999996,214
2024-01-04 00:59,./engine1.exe,./engine2.exe,./engine1.exe,0.028096000000000003,0.03341999999999999,214
2024-01-04 00:59,./engine1.exe,./engine2.exe,./engine1.exe,0.028984000000000003,0.03033,214
2024-01-04 00:59,./engine1.exe,./engine2.exe,./engine1.exe,0.026466999999999997,0.028703,214
2024-01-04 00:59,./engine1.exe,./engine2.exe,./engine1.exe,0.020125999999999995,0.030669,214
2024-01-04 00:59,./engine1.exe,./engine2.exe,./engine2.exe,0.009642000000000001,0.011757000000000002,95
2024-01-04 00:59,./engine1.exe,./engine2.exe,./engine2.exe,0.020198999999999998,0.004532,95
2024-01-04 00:59,./engine1.exe,./engine2.exe,./engine2.exe,0.015974000000000002,0.013428999999999998,95
2024-01-04 00:59,./engine1.exe,./engine2.exe,./engine2.exe,0.011028000000000001,0.013337,95
2024-01-04 00:59,./engine1.exe,./engine2.exe,./engine2.exe,0.014309000000000002,0.017137000000000006,95
2024-01-04 00:59,./engine1.exe,./engine2.exe,./engine2.exe,0.01247,0.015335,95
2024-01-04 00:59,./engine1.exe,./engine2.exe,./engine2.exe,0.015676,0.009649999999999999,95
2024-01-04 00:59,./engine1.exe,./engine2.exe,./engine2.exe,0.011470999999999999,0.010602,95
2024-01-04 00:59,./engine1.exe,./engine2.exe,./engine2.exe,0.009855,0.009266,95
2024-01-04 00:59,./engine1.exe,./engine2.exe,./engine2.exe,0.017106999999999997,0.010758,95
2024-01-04 00:59,./engine1.exe,./engine2.exe,./engine2.exe,0.002361,0.0067410000000000005,29
2024-01-04 00:59,./engine1.exe,./engine2.exe,./engine2.exe,0.004,0.0030020000000000003,29
2024-01-04 00:59,./engine1.exe,./engine2.exe,./engine2.exe,0.007403,0.002502,29
2024-01-04 00:59,./engine1.exe,./engine2.exe,./engine2.exe,0.008293,0.0,29
2024-01-04 00:59,./engine1.exe,./engine2.exe,./engine2.exe,0.006023,0.0020020000000000003,29
2024-01-04 00:59,./engine1.exe,./engine2.exe,./engine2.exe,0.005996,0.0035110000000000002,29
2024-01-04 00:59,./engine1.exe,./engine2.exe,./engine2.exe,0.010013,0.0020039999999999997,29
2024-01-04 00:59,./engine1.exe,./engine2.exe,./engine2.exe,0.004157999999999999,0.0074459999999999995,29
2024-01-04 00:59,./engine1.exe,./engine2.exe,./engine2.exe,0.003163,0.0025729999999999998,29
2024-01-04 00:59,./engine1.exe,./engine2.exe,./engine2.exe,0.004027,0.002476,29
2024-01-04 00:59,./engine1.exe,./engine2.exe,./engine2.exe,0.005399999999999999,0.001997,29
2024-01-04 00:59,./engine1.exe,./engine2.exe,./engine2.exe,0.004001,0.007073,29
2024-01-04 00:59,./engine1.exe,./engine2.exe,./engine2.exe,0.003086,0.003366,29
2024-01-04 00:59,./engine1.exe,./engine2.exe,./engine2.exe,0.002777,0.007248,29
2024-01-04 00:59,./engine1.exe,./engine2.exe,./engine2.exe,0.015930000000000003,0.015677000000000003,107
2024-01-04 00:59,./engine1.exe,./engine2.exe,./engine2.exe,0.017002999999999997,0.009704,107
2024-01-04 00:59,./engine1.exe,./engine2.exe,./engine2.exe,0.015677,0.007039999999999999,107
2024-01-04 00:59,./engine1.exe,./engine2.exe,./engine2.exe,0.025153000000000005,0.007227,107
2024-01-04 00:59,./engine1.exe,./engine2.exe,./engine2.exe,0.014225,0.014348000000000001,107
2024-01-04 00:59,./engine1.exe,./engine2.exe,./engine2.exe,0.011061000000000001,0.021122000000000002,107
2024-01-04 00:59,./engine1.exe,./engine2.exe,./engine2.exe,0.016881,0.009375,107
2024-01-04 00:59,./engine1.exe,./engine2.exe,./engine2.exe,0.016476,0.014580999999999998,107
2024-01-04 00:59,./engine1.exe,./engine2.exe,./engine2.exe,0.012748,0.017049,107
2024-01-04 00:59,./engine1.exe,./engine2.exe,./engine2.exe,0.020850000000000004,0.00957,107
2024-01-04 00:59,./engine1.exe,./engine2.exe,./engine1.exe,0.2198880000000001,0.19330400000000011,1502
2024-01-04 00:59,./engine1.exe,./engine2.exe,./engine1.exe,0.19176700000000008,0.17300900000000008,1502
2024-01-04 00:59,./engine1.exe,./engine2.exe,./engine1.exe,0.026954999999999996,0.04971200000000001,328
2024-01-04 00:59,./engine1.exe,./engine2.exe,./engine1.exe,0.058649000000000014,0.03584799999999999,328
2024-01-04 00:59,./engine1.exe,./engine2.exe,./engine1.exe,0.016844000000000005,0.019009,190
2024-01-04 00:59,./engine1.exe,./engine2.exe,./engine1.exe,0.03598400000000001,0.014282,190
2024-01-04 00:59,./engine1.exe,./engine2.exe,./engine1.exe,0.02303,0.021404999999999997,190
2024-01-04 00:59,./engine1.exe,./engine2.exe,./engine1.exe,0.025912,0.022283999999999998,190
2024-01-04 00:59,./engine1.exe,./engine2.exe,./engine1.exe,0.033271,0.015156999999999999,190
2024-01-04 00:59,./engine1.exe,./engine2.exe,./engine1.exe,0.023347,0.018630000000000008,190
2024-01-04 00:59,./engine1.exe,./engine2.exe,./engine1.exe,0.036843,0.015124000000000002,190
2024-01-04 00:59,./engine1.exe,./engine2.exe,./engine1.exe,0.003375,0.004737,28
2024-01-04 00:59,./engine1.exe,./engine2.exe,./engine1.exe,0.003509,0.005638,28
2024-01-04 00:59,./engine1.exe,./engine2.exe,./engine1.exe,0.002307,0.005898,28
2024-01-04 00:59,./engine1.exe,./engine2.exe,./engine1.exe,0.005011,0.004421,28
2024-01-04 00:59,./engine1.exe,./engine2.exe,./engine1.exe,0.001316,0.0055709999999999996,28
2024-01-04 00:59,./engine1.exe,./engine2.exe,./engine1.exe,0.0,0.005,28
2024-01-04 00:59,./engine1.exe,./engine2.exe,./engine1.exe,0.004029,0.0029960000000000004,28
2024-01-04 00:59,./engine1.exe,./engine2.exe,./engine1.exe,0.003263,0.004789,28
2024-01-04 00:59,./engine1.exe,./engine2.exe,./engine1.exe,0.001032,0.004223,28
2024-01-04 00:59,./engine1.exe,./engine2.exe,./engine1.exe,0.001265,0.002448,28
2024-01-04 00:59,./engine1.exe,./engine2.exe,./engine1.exe,0.004341,0.00516,28
2024-01-04 00:59,./engine1.exe,./engine2.exe,./engine1.exe,0.006540000000000001,0.004018,28
2024-01-04 00:59,./engine1.exe,./engine2.exe,./engine1.exe,0.009499,0.002187,28
2024-01-04 00:59,./engine1.exe,./engine2.exe,./engine1.exe,0.008006,0.005007,28
2024-01-04 00:59,./engine1.exe,./engine2.exe,./engine1.exe,0.013155,0.001996,46
2024-01-04 00:59,./engine1.exe,./engine2.exe,./engine1.exe,0.009207,0.005367,46
2024-01-04 00:59,./engine1.exe,./engine2.exe,./engine1.exe,0.010158999999999998,0.002998,46
2024-01-04 00:59,./engine1.exe,./engine2.exe,./engine1.exe,0.005473,0.006325000000000001,46
2024-01-04 00:59,./engine1.exe,./engine2.exe,./engine1.exe,0.005959,0.003707,46
2024-01-04 00:59,./engine1.exe,./engine2.exe,./engine1.exe,0.006156000000000001,0.006483,46
2024-01-04 00:59,./engine1.exe,./engine2.exe,./engine1.exe,0.010465,0.005002,46
2024-01-04 00:59,./engine1.exe,./engine2.exe,./engine1.exe,0.004472,0.0051600000000000005,46
2024-01-04 00:59,./engine1.exe,./engine2.exe,./engine1.exe,0.007874,0.006101,46
2024-01-04 00:59,./engine1.exe,./engine2.exe,./engine1.exe,0.0066549999999999995,0.006719999999999999,46
2024-01-04 00:59,./engine1.exe,./engine2.exe,./engine1.exe,0.013024,0.004606,46
2024-01-04 00:59,./engine1.exe,./engine2.exe,./engine1.exe,0.007862,0.005711,46
2024-01-04 00:59,./engine1.exe,./engine2.exe,./engine1.exe,0.007007,0.0056,46
2024-01-04 00:59,./engine1.exe,./engine2.exe,./engine1.exe,0.003001,0.006132,46
2024-01-04 00:59,./engine1.exe,./engine2.exe,./engine1.exe,0.012393,0.015632,132
2024-01-04 00:59,./engine1.exe,./engine2.exe,./engine1.exe,0.011482,0.022832999999999996,132
2024-01-04 00:59,./engine1.exe,./engine2.exe,./engine1.exe,0.012522,0.02066,132
2024-01-04 00:59,./engine1.exe,./engine2.exe,./engine1.exe,0.015273000000000002,0.012703000000000002,132
2024-01-04 00:59,./engine1.exe,./engine2.exe,./engine1.exe,0.012896999999999999,0.02818,132
2024-01-04 00:59,./engine1.exe,./engine2.exe,./engine1.exe,0.019483000000000007,0.017272000000000003,132
2024-01-04 00:59,./engine1.exe,./engine2.exe,./engine1.exe,0.016224000000000002,0.015611999999999997,132
2024-01-04 00:59,./engine1.exe,./engine2.exe,./engine1.exe,0.023455,0.012322,132
2024-01-04 00:59,./engine1.exe,./engine2.exe,./engine1.exe,0.014021000000000004,0.019045000000000003,132
2024-01-04 01:00,./engine1.exe,./engine2.exe,./engine1.exe,0.001519,0.0030689999999999997,56
2024-01-04 01:00,./engine1.exe,./engine2.exe,./engine1.exe,0.001025,0.003012,56
2024-01-04 01:00,./engine1.exe,./engine2.exe,./engine1.exe,0.001067,0.002563,56
2024-01-04 01:00,./engine1.exe,./engine2.exe,./engine1.exe,0.002002,0.001999,56
2024-01-04 01:00,./engine1.exe,./engine2.exe,./engine1.exe,0.003993,0.001002,56
2024-01-04 01:00,./engine1.exe,./engine2.exe,./engine1.exe,0.002001,0.002333,56
2024-01-04 01:00,./engine1.exe,./engine2.exe,./engine1.exe,0.002003,0.003,56
2024-01-04 01:00,./engine1.exe,./engine2.exe,./engine1.exe,0.0024470000000000004,0.00201,56
2024-01-04 01:00,./engine1.exe,./engine2.exe,./engine1.exe,0.002002,0.000999,56
2024-01-04 01:00,./engine1.exe,./engine2.exe,./engine1.exe,0.003259,0.001032,56
2024-01-04 01:00,./engine1.exe,./engine2.exe,./engine1.exe,0.0032,0.0,56
2024-01-04 01:00,./engine1.exe,./engine2.exe,./engine1.exe,0.002335,0.002053,56
2024-01-04 01:00,./engine1.exe,./engine2.exe,./engine1.exe,0.001001,0.00317,56
2024-01-04 01:00,./engine1.exe,./engine2.exe,./engine1.exe,0.003096,0.002248,56
2024-01-04 01:00,./engine1.exe,./engine2.exe,./engine1.exe,0.0031349999999999998,0.0,56
2024-01-04 01:00,./engine1.exe,./engine2.exe,./engine1.exe,0.001,0.001996,56
2024-01-04 01:00,./engine1.exe,./engine2.exe,./engine1.exe,0.002068,0.001405,56
2024-01-04 01:00,./engine1.exe,./engine2.exe,./engine1.exe,0.010364999999999997,0.009602999999999999,268
2024-01-04 01:00,./engine1.exe,./engine2.exe,./engine1.exe,0.007201,0.012487000000000002,268
2024-01-04 01:00,./engine1.exe,./engine2.exe,./engine1.exe,0.015432999999999999,0.008367,268
2024-01-04 01:00,./engine1.exe,./engine2.exe,./engine1.exe,0.011134,0.008838000000000002,268
2024-01-04 01:00,./engine1.exe,./engine2.exe,./engine1.exe,0.007509,0.012727,268
2024-01-04 01:00,./engine1.exe,./engine2.exe,./engine1.exe,0.006648,0.006031,268
2024-01-04 01:00,./engine1.exe,./engine2.exe,./engine1.exe,0.015202,0.009804,268
2024-01-04 01:00,./engine1.exe,./engine2.exe,./engine1.exe,0.004001,0.011049000000000002,268
2024-01-04 01:00,./engine1.exe,./engine2.exe,./engine1.exe,0.007150000000000001,0.010093999999999999,268
2024-01-04 01:00,./engine1.exe,./engine2.exe,./engine1.exe,0.009008000000000002,0.008998,268
2024-01-04 01:00,./engine1.exe,./engine2.exe,./engine1.exe,0.013033,0.007301,268
2024-01-04 01:00,./engine1.exe,./engine2.exe,./engine1.exe,0.006792,0.010376,268
2024-01-04 01:00,./engine1.exe,./engine2.exe,./engine1.exe,0.009682,0.008355000000000001,268
2024-01-04 01:00,./engine1.exe,./engine2.exe,./engine1.exe,0.008,0.009003,268
2024-01-04 01:01,./engine1.exe,./engine2.exe,./engine1.exe,0.004,0.002,70
2024-01-04 01:01,./engine1.exe,./engine2.exe,./engine1.exe,0.002091,0.0020099999999999996,70
2024-01-04 01:01,./engine1.exe,./engine2.exe,./engine1.exe,0.0028539999999999998,0.0021260000000000003,70
2024-01-04 01:01,./engine1.exe,./engine2.exe,./engine1.exe,0.003259,0.002232,70
2024-01-04 01:01,./engine1.exe,./engine2.exe,./engine1.exe,0.0020020000000000003,0.002,70
2024-01-04 01:01,./engine1.exe,./engine2.exe,./engine1.exe,0.001104,0.0020689999999999997,70
2024-01-04 01:01,./engine1.exe,./engine2.exe,./engine1.exe,0.001996,0.002003,70
2024-01-04 01:01,./engine1.exe,./engine2.exe,./engine1.exe,0.002503,0.001002,70
2024-01-04 01:01,./engine1.exe,./engine2.exe,./engine1.exe,0.004013,0.003,70
2024-01-04 01:01,./engine1.exe,./engine2.exe,./engine1.exe,0.003014,0.002012,70
2024-01-04 01:01,./engine1.exe,./engine2.exe,./engine1.exe,0.003999,0.000999,70
2024-01-04 01:01,./engine1.exe,./engine2.exe,./engine1.exe,0.004014,0.002196,70
2024-01-04 01:01,./engine1.exe,./engine2.exe,./engine1.exe,0.0,0.001001,34
2024-01-04 01:01,./engine1.exe,./engine2.exe,./engine1.exe,0.0,0.001284,34
2024-01-04 01:01,./engine1.exe,./engine2.exe,./engine1.exe,0.0030009999999999998,0.0019979999999999998,34
2024-01-04 01:01,./engine1.exe,./engine2.exe,./engine1.exe,0.002001,0.0035050000000000003,34
2024-01-04 01:01,./engine1.exe,./engine2.exe,./engine1.exe,0.001345,0.002066,34
2024-01-04 01:01,./engine1.exe,./engine2.exe,./engine1.exe,0.0,0.002999,34
2024-01-04 01:01,./engine1.exe,./engine2.exe,./engine1.exe,0.0,0.0038929999999999998,34
2024-01-04 01:01,./engine1.exe,./engine2.exe,./engine1.exe,0.0,0.002888,34
2024-01-04 01:01,./engine1.exe,./engine2.exe,./engine1.exe,0.000998,0.003001,34
2024-01-04 01:01,./engine1.exe,./engine2.exe,./engine1.exe,0.0,0.0031479999999999998,34
2024-01-04 01:01,./engine1.exe,./engine2.exe,./engine1.exe,0.002001,0.000998,34
2024-01-04 01:01,./engine1.exe,./engine2.exe,./engine1.exe,0.001212,0.001498,34
2024-01-04 01:01,./engine1.exe,./engine2.exe,./engine1.exe,0.001023,0.001013,34
2024-01-04 01:01,./engine1.exe,./engine2.exe,./engine1.exe,0.000999,0.003013,34
2024-01-04 01:01,./engine1.exe,./engine2.exe,./engine1.exe,0.001002,0.00503,34
2024-01-04 01:01,./engine1.exe,./engine2.exe,./engine1.exe,0.001168,0.001339,34
2024-01-04 01:01,./engine1.exe,./engine2.exe,./engine1.exe,0.001012,0.001457,34
2024-01-04 01:01,./engine1.exe,./engine2.exe,./engine2.exe,0.003,0.0049960000000000004,161
2024-01-04 01:01,./engine1.exe,./engine2.exe,./engine2.exe,0.007205,0.005163,161
2024-01-04 01:01,./engine1.exe,./engine2.exe,./engine2.exe,0.0032630000000000003,0.003241,161
2024-01-04 01:01,./engine1.exe,./engine2.exe,./engine2.exe,0.0062439999999999996,0.009031,161
2024-01-04 01:01,./engine1.exe,./engine2.exe,./engine2.exe,0.008006,0.005,161
2024-01-04 01:01,./engine1.exe,./engine2.exe,./engine2.exe,0.005535999999999999,0.005945999999999999,161
2024-01-04 01:01,./engine1.exe,./engine2.exe,./engine1.exe,0.002,0.001,36
2024-01-04 01:01,./engine1.exe,./engine2.exe,./engine1.exe,0.0019979999999999998,0.0022170000000000002,36
2024-01-04 01:01,./engine1.exe,./engine2.exe,./engine1.exe,0.003493,0.0,36
2024-01-04 01:01,./engine1.exe,./engine2.exe,./engine1.exe,0.0019960000000000004,0.000999,36
2024-01-04 01:01,./engine1.exe,./engine2.exe,./engine1.exe,0.003019,0.002168,36
2024-01-04 01:01,./engine1.exe,./engine2.exe,./engine1.exe,0.003001,0.000999,36
2024-01-04 01:01,./engine1.exe,./engine2.exe,./engine1.exe,0.001001,0.001999,36
2024-01-04 01:01,./engine1.exe,./engine2.exe,./engine1.exe,0.0020280000000000003,0.001259,36
2024-01-04 01:01,./engine1.exe,./engine2.exe,./engine1.exe,0.001019,0.000997,36
2024-01-04 01:01,./engine1.exe,./engine2.exe,./engine1.exe,0.001006,0.0022370000000000003,36
2024-01-04 01:01,./engine1.exe,./engine2.exe,./engine1.exe,0.0,0.0022040000000000002,36
2024-01-04 01:01,./engine1.exe,./engine2.exe,./engine1.exe,0.001009,0.001215,36
2024-01-04 01:01,./engine1.exe,./engine2.exe,./engine1.exe,0.001001,0.001001,36
2024-01-04 01:01,./engine1.exe,./engine2.exe,./engine1.exe,0.002131,0.001,36
2024-01-04 01:01,./engine1.exe,./engine2.exe,./engine1.exe,0.001001,0.00101,36
2024-01-04 01:01,./engine1.exe,./engine2.exe,./engine1.exe,0.003001,0.000999,36
2024-01-04 01:01,./engine1.exe,./engine2.exe,./engine1.exe,0.002231,0.001076,36
2024-01-04 01:01,./engine1.exe,./engine2.exe,./engine1.exe,0.001037,0.0032580000000000005,36
2024-01-04 01:01,./engine1.exe,./engine2.exe,./engine1.exe,0.002102,0.003007,36
2024-01-04 01:01,./engine1.exe,./engine2.exe,./engine1.exe,0.001,0.002284,36
2024-01-04 01:01,./engine1.exe,./engine2.exe,./engine2.exe,0.003351,0.0072050000000000005,133
2024-01-04 01:01,./engine1.exe,./engine2.exe,./engine2.exe,0.0033430000000000005,0.006039999999999999,133
2024-01-04 01:01,./engine1.exe,./engine2.exe,./engine2.exe,0.006012,0.002506,133
2024-01-04 01:01,./engine1.exe,./engine2.exe,./engine2.exe,0.006292,0.003144,133
2024-01-04 01:01,./engine1.exe,./engine2.exe,./engine2.exe,0.005537000000000001,0.004152,133
2024-01-04 01:01,./engine1.exe,./engine2.exe,./engine2.exe,0.004998,0.004002,133
2024-01-04 01:01,./engine1.exe,./engine2.exe,./engine2.exe,0.004091,0.004199,133
2024-01-04 01:01,./engine1.exe,./engine2.exe,./engine2.exe,0.006228000000000001,0.002998,133
2024-01-04 01:01,./engine1.exe,./engine2.exe,./engine2.exe,0.00479,0.0050160000000000005,133
2024-01-04 01:01,./engine1.exe,./engine2.exe,./engine2.exe,0.0040030000000000005,0.005011,133
2024-01-04 01:01,./engine1.exe,./engine2.exe,./engine2.exe,0.0020020000000000003,0.007002,133
2024-01-04 01:01,./engine1.exe,./engine2.exe,./engine2.exe,0.0033260000000000004,0.006666,133
2024-01-04 01:01,./engine1.exe,./engine2.exe,./engine2.exe,0.009689,0.005744,133
2024-01-04 01:01,./engine1.exe,./engine2.exe,./engine2.exe,0.004451999999999999,0.004287,133
2024-01-04 01:01,./engine1.exe,./engine2.exe,./engine2.exe,0.0053609999999999994,0.004678999999999999,133
2024-01-04 01:01,./engine1.exe,./engine2.exe,./engine2.exe,0.005200999999999999,0.010204,133
2024-01-04 01:01,./engine1.exe,./engine2.exe,./engine2.exe,0.001066,0.001138,27
2024-01-04 01:01,./engine1.exe,./engine2.exe,./engine2.exe,0.001177,0.002576,27
2024-01-04 01:01,./engine1.exe,./engine2.exe,./engine2.exe,0.003694,0.0,27
2024-01-04 01:01,./engine1.exe,./engine2.exe,./engine2.exe,0.001347,0.0,27
2024-01-04 01:01,./engine1.exe,./engine2.exe,./engine2.exe,0.001066,0.00243,27
2024-01-04 01:01,./engine1.exe,./engine2.exe,./engine2.exe,0.0,0.001005,27
2024-01-04 01:01,./engine1.exe,./engine2.exe,./engine2.exe,0.001002,0.003268,27
2024-01-04 01:01,./engine1.exe,./engine2.exe,./engine2.exe,0.0020940000000000004,0.001367,27
2024-01-04 01:01,./engine1.exe,./engine2.exe,./engine2.exe,0.001012,0.001293,27
2024-01-04 01:01,./engine1.exe,./engine2.exe,./engine2.exe,0.00117,0.0,27
2024-01-04 01:01,./engine1.exe,./engine2.exe,./engine2.exe,0.002351,0.0,27
2024-01-04 01:01,./engine1.exe,./engine2.exe,./engine2.exe,0.001,0.001,27
2024-01-04 01:01,./engine1.exe,./engine2.exe,./engine2.exe,0.001002,0.001,27
2024-01-04 01:01,./engine1.exe,./engine2.exe,./engine2.exe,0.001059,0.0,27
2024-01-04 01:01,./engine1.exe,./engine2.exe,./engine2.exe,0.002003,0.001001,27
2024-01-04 01:01,./engine1.exe,./engine2.exe,./engine2.exe,0.0,0.0022170000000000002,27
2024-01-04 01:01,./engine1.exe,./engine2.exe,./engine2.exe,0.001005,0.002143,27
2024-01-04 01:01,./engine1.exe,./engine2.exe,./engine2.exe,0.000999,0.0,27
2024-01-04 01:01,./engine1.exe,./engine2.exe,./engine2.exe,0.003121,0.0030090000000000004,69
2024-01-04 01:01,./engine1.exe,./engine2.exe,./engine2.exe,0.0020020000000000003,0.000999,69
2024-01-04 01:01,./engine1.exe,./engine2.exe,./engine2.exe,0.0020020000000000003,0.004,69
2024-01-04 01:01,./engine1.exe,./engine2.exe,./engine2.exe,0.003,0.003,69
2024-01-04 01:01,./engine1.exe,./engine2.exe,./engine2.exe,0.003,0.002,69
2024-01-04 01:01,./engine1.exe,./engine2.exe,./engine2.exe,0.002999,0.003001,69
2024-01-04 01:01,./engine1.exe,./engine2.exe,./engine2.exe,0.003,0.0030600000000000002,69
2024-01-04 01:01,./engine1.exe,./engine2.exe,./engine2.exe,0.00165,0.00316,69
2024-01-04 01:01,./engine1.exe,./engine2.exe,./engine2.exe,0.0030819999999999997,0.002,69
2024-01-04 01:01,./engine1.exe,./engine2.exe,./engine2.exe,0.0020080000000000002,0.002998,69
2024-01-04 01:01,./engine1.exe,./engine2.exe,./engine2.exe,0.0032259999999999997,0.004306,69
2024-01-04 01:01,./engine1.exe,./engine2.exe,./engine2.exe,0.002,0.002,69
2024-01-04 01:01,./engine1.exe,./engine2.exe,./engine2.exe,0.000999,0.004999,69
2024-01-04 01:01,./engine1.exe,./engine2.exe,./engine2.exe,0.004005,0.002,69
2024-01-04 01:01,./engine1.exe,./engine2.exe,./engine2.exe,0.000999,0.001001,69
2024-01-04 01:01,./engine1.exe,./engine2.exe,./engine2.exe,0.0041459999999999995,0.004083,69
2024-01-04 01:01,./engine1.exe,./engine2.exe,./engine2.exe,0.0,0.00315,69
2024-01-04 01:01,./engine1.exe,./engine2.exe,./engine2.exe,0.002001,0.004,69
2024-01-04 01:01,./engine1.exe,./engine2.exe,./engine2.exe,0.002009,0.0030020000000000003,69
2024-01-04 01:01,./engine1.exe,./engine2.exe,./engine2.exe,0.000999,0.002003,69
2024-01-04 01:01,./engine1.exe,./engine2.exe,./engine2.exe,0.003001,0.000999,69
2024-01-04 01:01,./engine1.exe,./engine2.exe,./engine2.exe,0.005332,0.004246,157
2024-01-04 01:01,./engine1.exe,./engine2.exe,./engine2.exe,0.003373,0.004261,157
2024-01-04 01:01,./engine1.exe,./engine2.exe,./engine2.exe,0.005999,0.004007,157
2024-01-04 01:01,./engine1.exe,./engine2.exe,./engine2.exe,0.003003,0.0019979999999999998,157
2024-01-04 01:01,./engine1.exe,./engine2.exe,./engine2.exe,0.005372,0.006187,157
2024-01-04 01:01,./engine1.exe,./engine2.exe,./engine2.exe,0.004148,0.004549,157
2024-01-04 01:01,./engine1.exe,./engine2.exe,./engine2.exe,0.0059960000000000005,0.006002,157
2024-01-04 01:01,./engine1.exe,./engine2.exe,./engine2.exe,0.005104000000000001,0.006492,157
2024-01-04 01:01,./engine1.exe,./engine2.exe,./engine2.exe,0.008669,0.006383000000000001,157
2024-01-04 01:01,./engine1.exe,./engine2.exe,./engine2.exe,0.003999,0.002,157
2024-01-04 01:01,./engine1.exe,./engine2.exe,./engine2.exe,0.003071,0.004626,157
2024-01-04 01:01,./engine1.exe,./engine2.exe,./engine2.exe,0.001052,0.00792,157
2024-01-04 01:01,./engine1.exe,./engine2.exe,./engine2.exe,0.008027000000000001,0.003001,157
2024-01-04 01:01,./engine1.exe,./engine2.exe,./engine2.exe,0.0054719999999999994,0.006323,157
2024-01-04 01:01,./engine1.exe,./engine2.exe,./engine2.exe,0.003073,0.008043999999999999,157
2024-01-04 01:01,./engine1.exe,./engine2.exe,./engine2.exe,0.003517,0.008088,157
2024-01-04 01:01,./engine1.exe,./engine2.exe,./engine1.exe,0.001001,0.0,38
2024-01-04 01:01,./engine1.exe,./engine2.exe,./engine1.exe,0.0,0.001025,38
2024-01-04 01:01,./engine1.exe,./engine2.exe,./engine1.exe,0.0019950000000000002,0.003001,38
2024-01-04 01:01,./engine1.exe,./engine2.exe,./engine1.exe,0.000999,0.001001,38
2024-01-04 01:01,./engine1.exe,./engine2.exe,./engine1.exe,0.002,0.001,38
2024-01-04 01:01,./engine1.exe,./engine2.exe,./engine1.exe,0.000999,0.001,38
2024-01-04 01:01,./engine1.exe,./engine2.exe,./engine1.exe,0.0,0.000999,38
2024-01-04 01:01,./engine1.exe,./engine2.exe,./engine1.exe,0.001,0.002,38
2024-01-04 01:01,./engine1.exe,./engine2.exe,./engine1.exe,0.001013,0.0,38
2024-01-04 01:01,./engine1.exe,./engine2.exe,./engine1.exe,0.0,0.001094,38
2024-01-04 01:01,./engine1.exe,./engine2.exe,./engine1.exe,0.0,0.001,38
2024-01-04 01:01,./engine1.exe,./engine2.exe,./engine1.exe,0.00349,0.0,38
2024-01-04 01:01,./engine1.exe,./engine2.exe,./engine1.exe,0.0029969999999999997,0.001002,38
2024-01-04 01:01,./engine1.exe,./engine2.exe,./engine1.exe,0.0,0.001999,38
2024-01-04 01:01,./engine1.exe,./engine2.exe,./engine1.exe,0.001999,0.001999,38
2024-01-04 01:01,./engine1.exe,./engine2.exe,./engine1.exe,0.001042,0.001374,38
2024-01-04 01:01,./engine1.exe,./engine2.exe,./engine1.exe,0.0030029999999999996,0.0,38
2024-01-04 01:01,./engine1.exe,./engine2.exe,./engine1.exe,0.001074,0.001333,38
2024-01-04 01:01,./engine1.exe,./engine2.exe,./engine1.exe,0.001999,0.000996,38
2024-01-04 01:01,./engine1.exe,./engine2.exe,./engine1.exe,0.002001,0.001999,38
2024-01-04 01:01,./engine1.exe,./engine2.exe,./engine1.exe,0.003,0.001997,70
2024-01-04 01:01,./engine1.exe,./engine2.exe,./engine1.exe,0.002997,0.001,70
2024-01-04 01:01,./engine1.exe,./engine2.exe,./engine1.exe,0.003641,0.000996,70
2024-01-04 01:01,./engine1.exe,./engine2.exe,./engine1.exe,0.002163,0.0034850000000000003,70
2024-01-04 01:01,./engine1.exe,./engine2.exe,./engine1.exe,0.0024850000000000002,0.003133,70
2024-01-04 01:01,./engine1.exe,./engine2.exe,./engine1.exe,0.001007,0.004001,70
2024-01-04 01:01,./engine1.exe,./engine2.exe,./engine1.exe,0.002998,0.0,70
2024-01-04 01:01,./engine1.exe,./engine2.exe,./engine1.exe,0.0020080000000000002,0.003066,70
2024-01-04 01:01,./engine1.exe,./engine2.exe,./engine1.exe,0.002018,0.003017,70
2024-01-04 01:01,./engine1.exe,./engine2.exe,./engine1.exe,0.0033740000000000003,0.002509,70
2024-01-04 01:01,./engine1.exe,./engine2.exe,./engine1.exe,0.004001,0.003001,70
2024-01-04 01:01,./engine1.exe,./engine2.exe,./engine1.exe,0.002003,0.000999,70
2024-01-04 01:01,./engine1.exe,./engine2.exe,./engine1.exe,0.002001,0.002003,70
2024-01-04 01:01,./engine1.exe,./engine2.exe,./engine1.exe,0.0,0.001336,70
2024-01-04 01:01,./engine1.exe,./engine2.exe,./engine1.exe,0.006015999999999999,0.001017,70
2024-01-04 01:01,./engine1.exe,./engine2.exe,./engine1.exe,0.004393,0.004651,70
2024-01-04 01:01,./engine1.exe,./engine2.exe,./engine1.exe,0.0029969999999999997,0.001001,70
2024-01-04 01:01,./engine1.exe,./engine2.exe,./engine1.exe,0.002516,0.002297,70
2024-01-04 01:01,./engine1.exe,./engine2.exe,./engine1.exe,0.0,0.002013,70
2024-01-04 01:01,./engine1.exe,./engine2.exe,./engine1.exe,0.003006,0.002297,70
2024-01-04 01:01,./engine1.exe,./engine2.exe,./engine2.exe,0.004993,0.001999,133
2024-01-04 01:01,./engine1.exe,./engine2.exe,./engine2.exe,0.001,0.005001,133
2024-01-04 01:01,./engine1.exe,./engine2.exe,./engine2.exe,0.0031539999999999997,0.004204,133
2024-01-04 01:01,./engine1.exe,./engine2.exe,./engine2.exe,0.0041670000000000006,0.0020489999999999996,133
2024-01-04 01:01,./engine1.exe,./engine2.exe,./engine2.exe,0.000996,0.005507,133
2024-01-04 01:01,./engine1.exe,./engine2.exe,./engine2.exe,0.004404,0.005045,133
2024-01-04 01:01,./engine1.exe,./engine2.exe,./engine2.exe,0.004253,0.004064,133
2024-01-04 01:01,./engine1.exe,./engine2.exe,./engine2.exe,0.006625000000000001,0.002399,133
2024-01-04 01:01,./engine1.exe,./engine2.exe,./engine2.exe,0.007642000000000001,0.006449000000000001,133
2024-01-04 01:01,./engine1.exe,./engine2.exe,./engine2.exe,0.006859,0.001026,133
2024-01-04 01:01,./engine1.exe,./engine2.exe,./engine2.exe,0.000999,0.003071,133
2024-01-04 01:01,./engine1.exe,./engine2.exe,./engine2.exe,0.00318,0.005092,133
2024-01-04 01:01,./engine1.exe,./engine2.exe,./engine2.exe,0.004001,0.0029969999999999997,133
2024-01-04 01:01,./engine1.exe,./engine2.exe,./engine2.exe,0.002001,0.005334,133
2024-01-04 01:01,./engine1.exe,./engine2.exe,./engine2.exe,0.005111,0.003195,133
2024-01-04 01:01,./engine1.exe,./engine2.exe,./engine2.exe,0.007826,0.0031650000000000003,133
2024-01-04 01:01,./engine1.exe,./engine2.exe,./engine2.exe,0.004624,0.005355,133
2024-01-04 01:01,./engine1.exe,./engine2.exe,./engine2.exe,0.001139,0.002273,97
2024-01-04 01:01,./engine1.exe,./engine2.exe,./engine2.exe,0.005235999999999999,0.0,97
2024-01-04 01:01,./engine1.exe,./engine2.exe,./engine2.exe,0.0030210000000000002,0.003094,97
2024-01-04 01:01,./engine1.exe,./engine2.exe,./engine2.exe,0.004085,0.002998,97
2024-01-04 01:01,./engine1.exe,./engine2.exe,./engine2.exe,0.003127,0.0032779999999999997,97
2024-01-04 01:01,./engine1.exe,./engine2.exe,./engine2.exe,0.0,0.004143,97
2024-01-04 01:01,./engine1.exe,./engine2.exe,./engine2.exe,0.004105,0.005239000000000001,97
2024-01-04 01:01,./engine1.exe,./engine2.exe,./engine2.exe,0.004999,0.003001,97
2024-01-04 01:01,./engine1.exe,./engine2.exe,./engine2.exe,0.001001,0.003096,97
2024-01-04 01:01,./engine1.exe,./engine2.exe,./engine2.exe,0.002088,0.003015,97
2024-01-04 01:01,./engine1.exe,./engine2.exe,./engine2.exe,0.002142,0.002091,97
2024-01-04 01:01,./engine1.exe,./engine2.exe,./engine2.exe,0.002277,0.003011,97
2024-01-04 01:01,./engine1.exe,./engine2.exe,./engine2.exe,0.004994,0.002998,97
2024-01-04 01:01,./engine1.exe,./engine2.exe,./engine2.exe,0.0029980000000000002,0.002001,97
2024-01-04 01:01,./engine1.exe,./engine2.exe,./engine2.exe,0.006447,0.003496,97
2024-01-04 01:01,./engine1.exe,./engine2.exe,./engine2.exe,0.0041919999999999995,0.007687,97
2024-01-04 01:01,./engine1.exe,./engine2.exe,./engine2.exe,0.004046,0.002044,97
2024-01-04 01:01,./engine1.exe,./engine2.exe,./engine2.exe,0.002547,0.0036559999999999995,97
2024-01-04 01:01,./engine1.exe,./engine2.exe,./engine2.exe,0.003151,0.00735,173
2024-01-04 01:01,./engine1.exe,./engine2.exe,./engine2.exe,0.004653,0.005318000000000001,173
2024-01-04 01:01,./engine1.exe,./engine2.exe,./engine2.exe,0.009267999999999998,0.007176,173
2024-01-04 01:01,./engine1.exe,./engine2.exe,./engine2.exe,0.008506,0.006206999999999999,173
2024-01-04 01:01,./engine1.exe,./engine2.exe,./engine2.exe,0.00449,0.005742,173
2024-01-04 01:01,./engine1.exe,./engine2.exe,./engine2.exe,0.0048330000000000005,0.006262,173
2024-01-04 01:01,./engine1.exe,./engine2.exe,./engine2.exe,0.006542999999999999,0.005056999999999999,173
2024-01-04 01:01,./engine1.exe,./engine2.exe,./engine2.exe,0.009629,0.004749,173
2024-01-04 01:01,./engine1.exe,./engine2.exe,./engine2.exe,0.007586999999999999,0.004661,173
2024-01-04 01:01,./engine1.exe,./engine2.exe,./engine2.exe,0.006428,0.004319,173
2024-01-04 01:01,./engine1.exe,./engine2.exe,./engine2.exe,0.007497,0.008698000000000001,173
2024-01-04 01:01,./engine1.exe,./engine2.exe,./engine2.exe,0.006286,0.005592999999999999,173
2024-01-04 01:01,./engine1.exe,./engine2.exe,./engine2.exe,0.004017,0.006304999999999999,173
2024-01-04 01:01,./engine1.exe,./engine2.exe,./engine2.exe,0.006137,0.005031000000000001,173
2024-01-04 01:01,./engine1.exe,./engine2.exe,./engine2.exe,0.0023369999999999997,0.004702,85
2024-01-04 01:01,./engine1.exe,./engine2.exe,./engine2.exe,0.003121,0.003182,85
2024-01-04 01:01,./engine1.exe,./engine2.exe,./engine2.exe,0.003111,0.002046,85
2024-01-04 01:01,./engine1.exe,./engine2.exe,./engine2.exe,0.002716,0.003337,85
2024-01-04 01:01,./engine1.exe,./engine2.exe,./engine2.exe,0.002,0.0031579999999999998,85
2024-01-04 01:01,./engine1.exe,./engine2.exe,./engine2.exe,0.004006000000000001,0.003285,85
2024-01-04 01:01,./engine1.exe,./engine2.exe,./engine2.exe,0.004997,0.002997,85
2024-01-04 01:01,./engine1.exe,./engine2.exe,./engine2.exe,0.004003,0.0029969999999999997,85
2024-01-04 01:01,./engine1.exe,./engine2.exe,./engine2.exe,0.0030299999999999997,0.00372,85
2024-01-04 01:01,./engine1.exe,./engine2.exe,./engine2.exe,0.0030030000000000005,0.003998,85
2024-01-04 01:01,./engine1.exe,./engine2.exe,./engine2.exe,0.001551,0.003145,85
2024-01-04 01:01,./engine1.exe,./engine2.exe,./engine2.exe,0.00122,0.004316,85
2024-01-04 01:01,./engine1.exe,./engine2.exe,./engine2.exe,0.005596,0.00202,85
2024-01-04 01:01,./engine1.exe,./engine2.exe,./engine2.exe,0.002018,0.00354,85
2024-01-04 01:01,./engine1.exe,./engine2.exe,./engine2.exe,0.0036420000000000003,0.001998,85
2024-01-04 01:01,./engine1.exe,./engine2.exe,./engine2.exe,0.005001,0.002001,85
2024-01-04 01:01,./engine1.exe,./engine2.exe,./engine1.exe,0.008126000000000001,0.008013,186
2024-01-04 01:01,./engine1.exe,./engine2.exe,./engine1.exe,0.011192,0.008595,186
2024-01-04 01:01,./engine1.exe,./engine2.exe,./engine1.exe,0.009658,0.005416000000000001,186
2024-01-04 01:01,./engine1.exe,./engine2.exe,./engine1.exe,0.0019950000000000002,0.002041,186
2024-01-04 01:01,./engine1.exe,./engine2.exe,./engine1.exe,0.003658,0.00213,186
2024-01-04 01:01,./engine1.exe,./engine2.exe,./engine1.exe,0.012874,0.004249,186
2024-01-04 01:01,./engine1.exe,./engine2.exe,./engine1.exe,0.0050100000000000006,0.009141,186
2024-01-04 01:01,./engine1.exe,./engine2.exe,./engine1.exe,0.007999000000000001,0.0029990000000000004,186
2024-01-04 01:01,./engine1.exe,./engine2.exe,./engine1.exe,0.010128,0.0043879999999999995,186
2024-01-04 01:01,./engine1.exe,./engine2.exe,./engine1.exe,0.005511,0.0045060000000000005,186
2024-01-04 01:01,./engine1.exe,./engine2.exe,./engine1.exe,0.005072,0.005083,186
2024-01-04 01:01,./engine1.exe,./engine2.exe,./engine1.exe,0.007195,0.003638,186
2024-01-04 01:01,./engine1.exe,./engine2.exe,./engine1.exe,0.004912,0.009511999999999998,186
2024-01-04 01:01,./engine1.exe,./engine2.exe,./engine1.exe,0.006359,0.005373,186
2024-01-04 01:01,./engine1.exe,./engine2.exe,./engine1.exe,0.003054,0.010903,186
2024-01-04 01:01,./engine1.exe,./engine2.exe,./engine1.exe,0.006359,0.0030810000000000004,104
2024-01-04 01:01,./engine1.exe,./engine2.exe,./engine1.exe,0.005096,0.001014,104
2024-01-04 01:01,./engine1.exe,./engine2.exe,./engine1.exe,0.006104000000000001,0.0025050000000000003,104
2024-01-04 01:01,./engine1.exe,./engine2.exe,./engine1.exe,0.002001,0.003001,104
2024-01-04 01:01,./engine1.exe,./engine2.exe,./engine1.exe,0.007611999999999999,0.00148,104
2024-01-04 01:01,./engine1.exe,./engine2.exe,./engine1.exe,0.009726,0.001447,104
2024-01-04 01:01,./engine1.exe,./engine2.exe,./engine1.exe,0.003364,0.005293,104
2024-01-04 01:01,./engine1.exe,./engine2.exe,./engine1.exe,0.001012,0.0035510000000000003,104
2024-01-04 01:01,./engine1.exe,./engine2.exe,./engine1.exe,0.002382,0.005855,104
2024-01-04 01:01,./engine1.exe,./engine2.exe,./engine1.exe,0.0048720000000000005,0.004002,104
2024-01-04 01:01,./engine1.exe,./engine2.exe,./engine1.exe,0.006375,0.001092,104
2024-01-04 01:01,./engine1.exe,./engine2.exe,./engine1.exe,0.001025,0.0034879999999999998,104
2024-01-04 01:01,./engine1.exe,./engine2.exe,./engine1.exe,0.004001,0.002999,104
2024-01-04 01:01,./engine1.exe,./engine2.exe,./engine1.exe,0.0052120000000000005,0.002085,104
2024-01-04 01:01,./engine1.exe,./engine2.exe,./engine1.exe,0.004396000000000001,0.0060090000000000005,104
2024-01-04 01:01,./engine1.exe,./engine2.exe,./engine1.exe,0.001,0.005001,104
2024-01-04 01:01,./engine1.exe,./engine2.exe,./engine1.exe,0.0030629999999999998,0.003172,104
2024-01-04 01:01,./engine1.exe,./engine2.exe,./engine2.exe,0.001001,0.0030220000000000004,75
2024-01-04 01:01,./engine1.exe,./engine2.exe,./engine2.exe,0.00217,0.005478,75
2024-01-04 01:01,./engine1.exe,./engine2.exe,./engine2.exe,0.005657,0.001,75
2024-01-04 01:01,./engine1.exe,./engine2.exe,./engine2.exe,0.002,0.007045,75
2024-01-04 01:01,./engine1.exe,./engine2.exe,./engine2.exe,0.003803,0.0021019999999999997,75
2024-01-04 01:01,./engine1.exe,./engine2.exe,./engine2.exe,0.003,0.002999,75
2024-01-04 01:01,./engine1.exe,./engine2.exe,./engine2.exe,0.001034,0.004693999999999999,75
2024-01-04 01:01,./engine1.exe,./engine2.exe,./engine2.exe,0.0,0.002999,75
2024-01-04 01:01,./engine1.exe,./engine2.exe,./engine2.exe,0.001002,0.005997000000000001,75
2024-01-04 01:01,./engine1.exe,./engine2.exe,./engine2.exe,0.006005,0.001,75
2024-01-04 01:01,./engine1.exe,./engine2.exe,./engine2.exe,0.001,0.003996,75
2024-01-04 01:01,./engine1.exe,./engine2.exe,./engine2.exe,0.003003,0.0060030000000000005,75
2024-01-04 01:01,./engine1.exe,./engine2.exe,./engine2.exe,0.005488,0.004014,75
2024-01-04 01:01,./engine1.exe,./engine2.exe,./engine2.exe,0.003,0.002,75
2024-01-04 01:01,./engine1.exe,./engine2.exe,./engine2.exe,0.0056300000000000005,0.004723,75
2024-01-04 01:01,./engine1.exe,./engine2.exe,./engine2.exe,0.0018440000000000002,0.005489,75
2024-01-04 01:01,./engine1.exe,./engine2.exe,./engine2.exe,0.002431,0.002086,59
2024-01-04 01:01,./engine1.exe,./engine2.exe,./engine2.exe,0.000999,0.003999,59
2024-01-04 01:01,./engine1.exe,./engine2.exe,./engine2.exe,0.001526,0.000998,59
2024-01-04 01:01,./engine1.exe,./engine2.exe,./engine2.exe,0.0031219999999999998,0.003934,59
2024-01-04 01:01,./engine1.exe,./engine2.exe,./engine2.exe,0.0020369999999999997,0.0,59
2024-01-04 01:01,./engine1.exe,./engine2.exe,./engine2.exe,0.0020109999999999998,0.0020480000000000003,59
2024-01-04 01:01,./engine1.exe,./engine2.exe,./engine2.exe,0.002005,0.0020039999999999997,59
2024-01-04 01:01,./engine1.exe,./engine2.exe,./engine2.exe,0.002003,0.001482,59
2024-01-04 01:01,./engine1.exe,./engine2.exe,./engine2.exe,0.004893,0.003116,59
2024-01-04 01:01,./engine1.exe,./engine2.exe,./engine2.exe,0.003012,0.0,59
2024-01-04 01:01,./engine1.exe,./engine2.exe,./engine2.exe,0.002,0.003001,59
2024-01-04 01:01,./engine1.exe,./engine2.exe,./engine2.exe,0.004061,0.001205,59
2024-01-04 01:01,./engine1.exe,./engine2.exe,./engine2.exe,0.0019979999999999998,0.0043820000000000005,59
2024-01-04 01:01,./engine1.exe,./engine2.exe,./engine2.exe,0.00102,0.0020229999999999996,59
2024-01-04 01:01,./engine1.exe,./engine2.exe,./engine2.exe,0.0020169999999999997,0.003163,59
2024-01-04 01:01,./engine1.exe,./engine2.exe,./engine2.exe,0.001001,0.005043,59
2024-01-04 01:01,./engine1.exe,./engine2.exe,./engine2.exe,0.002003,0.0020150000000000003,59
2024-01-04 01:01,./engine1.exe,./engine2.exe,./engine2.exe,0.000999,0.001056,27
2024-01-04 01:01,./engine1.exe,./engine2.exe,./engine2.exe,0.0,0.00105,27
2024-01-04 01:01,./engine1.exe,./engine2.exe,./engine2.exe,0.001002,0.001196,27
2024-01-04 01:01,./engine1.exe,./engine2.exe,./engine2.exe,0.0020020000000000003,0.0,27
2024-01-04 01:01,./engine1.exe,./engine2.exe,./engine2.exe,0.0,0.002006,27
2024-01-04 01:01,./engine1.exe,./engine2.exe,./engine2.exe,0.0,0.0,27
2024-01-04 01:01,./engine1.exe,./engine2.exe,./engine2.exe,0.001364,0.0020239999999999998,27
2024-01-04 01:01,./engine1.exe,./engine2.exe,./engine2.exe,0.000999,0.001,27
2024-01-04 01:01,./engine1.exe,./engine2.exe,./engine2.exe,0.0,0.002497,27
2024-01-04 01:01,./engine1.exe,./engine2.exe,./engine2.exe,0.0019979999999999998,0.0,27
2024-01-04 01:01,./engine1.exe,./engine2.exe,./engine2.exe,0.001294,0.00105,27
2024-01-04 01:01,./engine1.exe,./engine2.exe,./engine2.exe,0.0,0.002319,27
2024-01-04 01:01,./engine1.exe,./engine2.exe,./engine2.exe,0.002,0.0021060000000000002,27
2024-01-04 01:01,./engine1.exe,./engine2.exe,./engine2.exe,0.001,0.000998,27
2024-01-04 01:01,./engine1.exe,./engine2.exe,./engine2.exe,0.002014,0.0020210000000000002,27
2024-01-04 01:01,./engine1.exe,./engine2.exe,./engine2.exe,0.0,0.002006,27
2024-01-04 01:01,./engine1.exe,./engine2.exe,./engine2.exe,0.0,0.001001,27
2024-01-04 01:01,./engine1.exe,./engine2.exe,./engine2.exe,0.0,0.001009,27
2024-01-04 01:01,./engine1.exe,./engine2.exe,./engine2.exe,0.000999,0.0,27
2024-01-04 01:01,./engine1.exe,./engine2.exe,./engine2.exe,0.001067,0.0,27
2024-01-04 01:01,./engine1.exe,./engine2.exe,./engine2.exe,0.009447,0.012894,395
2024-01-04 01:01,./engine1.exe,./engine2.exe,./engine2.exe,0.020192999999999996,0.012426000000000001,395
2024-01-04 01:01,./engine1.exe,./engine2.exe,./engine2.exe,0.015079,0.012525000000000001,395
2024-01-04 01:01,./engine1.exe,./engine2.exe,./engine2.exe,0.014585999999999998,0.010557,395
2024-01-04 01:01,./engine1.exe,./engine2.exe,./engine2.exe,0.010062999999999999,0.017212999999999996,395
2024-01-04 01:01,./engine1.exe,./engine2.exe,./engine2.exe,0.021506999999999995,0.016941,395
2024-01-04 01:01,./engine1.exe,./engine2.exe,./engine2.exe,0.014017000000000002,0.014997000000000003,395
2024-01-04 01:01,./engine1.exe,./engine2.exe,./engine2.exe,0.014325000000000001,0.012176000000000001,395
2024-01-04 01:01,./engine1.exe,./engine2.exe,./engine2.exe,0.016368000000000004,0.007010000000000001,395
2024-01-04 01:01,./engine1.exe,./engine2.exe,./engine2.exe,0.014342000000000002,0.012428000000000002,395
2024-01-04 01:01,./engine1.exe,./engine2.exe,./engine2.exe,0.014028,0.009389,395
2024-01-04 01:01,./engine1.exe,./engine2.exe,./engine2.exe,0.003007,0.004999999999999999,157
2024-01-04 01:01,./engine1.exe,./engine2.exe,./engine2.exe,0.0060019999999999995,0.007014,157
2024-01-04 01:01,./engine1.exe,./engine2.exe,./engine2.exe,0.006414,0.005502999999999999,157
2024-01-04 01:01,./engine1.exe,./engine2.exe,./engine2.exe,0.002999,0.004997,157
2024-01-04 01:01,./engine1.exe,./engine2.exe,./engine2.exe,0.003095,0.007613,157
2024-01-04 01:01,./engine1.exe,./engine2.exe,./engine2.exe,0.008376999999999999,0.001085,157
2024-01-04 01:01,./engine1.exe,./engine2.exe,./engine2.exe,0.005081,0.008155,157
2024-01-04 01:01,./engine1.exe,./engine2.exe,./engine2.exe,0.001064,0.008015999999999999,157
2024-01-04 01:01,./engine1.exe,./engine2.exe,./engine2.exe,0.008112,0.0035069999999999997,157
2024-01-04 01:01,./engine1.exe,./engine2.exe,./engine2.exe,0.005253,0.0031720000000000003,157
2024-01-04 01:01,./engine1.exe,./engine2.exe,./engine2.exe,0.004731000000000001,0.006010000000000001,157
2024-01-04 01:01,./engine1.exe,./engine2.exe,./engine2.exe,0.005385,0.003079,157
2024-01-04 01:01,./engine1.exe,./engine2.exe,./engine2.exe,0.001999,0.008451,157
2024-01-04 01:01,./engine1.exe,./engine2.exe,./engine2.exe,0.007916,0.00326,157
2024-01-04 01:01,./engine1.exe,./engine2.exe,./engine2.exe,0.006415,0.008542000000000001,157
2024-01-04 01:01,./engine1.exe,./engine2.exe,./engine2.exe,0.005351,0.0062369999999999995,157
2024-01-04 01:01,./engine1.exe,./engine2.exe,./engine1.exe,0.024553999999999992,0.022949,820
2024-01-04 01:01,./engine1.exe,./engine2.exe,./engine1.exe,0.018966,0.023777999999999997,820
2024-01-04 01:01,./engine1.exe,./engine2.exe,./engine1.exe,0.019091999999999998,0.023813,820
2024-01-04 01:01,./engine1.exe,./engine2.exe,./engine1.exe,0.029212000000000005,0.027405000000000002,820
2024-01-04 01:01,./engine1.exe,./engine2.exe,./engine1.exe,0.037397,0.024943,820
2024-01-04 01:01,./engine1.exe,./engine2.exe,./engine1.exe,0.036198999999999995,0.033216999999999997,820
2024-01-04 01:02,./engine1.exe,./engine2.exe,./engine2.exe,0.0037180000000000004,0.0,29
2024-01-04 01:02,./engine1.exe,./engine2.exe,./engine2.exe,0.001,0.001001,29
2024-01-04 01:02,./engine1.exe,./engine2.exe,./engine2.exe,0.001027,0.001,29
2024-01-04 01:02,./engine1.exe,./engine2.exe,./engine2.exe,0.001961,0.001,29
2024-01-04 01:02,./engine1.exe,./engine2.exe,./engine2.exe,0.0,0.002,29
2024-01-04 01:02,./engine1.exe,./engine2.exe,./engine2.exe,0.0019950000000000002,0.001,29
2024-01-04 01:02,./engine1.exe,./engine2.exe,./engine2.exe,0.000999,0.0021200000000000004,29
2024-01-04 01:02,./engine1.exe,./engine2.exe,./engine2.exe,0.001044,0.0021330000000000003,29
2024-01-04 01:02,./engine1.exe,./engine2.exe,./engine2.exe,0.0023439999999999997,0.001019,29
2024-01-04 01:02,./engine1.exe,./engine2.exe,./engine2.exe,0.002001,0.0020819999999999996,29
2024-01-04 01:02,./engine1.exe,./engine2.exe,./engine2.exe,0.000999,0.002001,29
2024-01-04 01:02,./engine1.exe,./engine2.exe,./engine2.exe,0.0,0.0,29
2024-01-04 01:02,./engine1.exe,./engine2.exe,./engine2.exe,0.0,0.00151,29
2024-01-04 01:02,./engine1.exe,./engine2.exe,./engine2.exe,0.002002,0.001001,29
2024-01-04 01:02,./engine1.exe,./engine2.exe,./engine2.exe,0.000997,0.001002,17
2024-01-04 01:02,./engine1.exe,./engine2.exe,./engine2.exe,0.001303,0.001018,17
2024-01-04 01:02,./engine1.exe,./engine2.exe,./engine2.exe,0.0,0.0019979999999999998,17
2024-01-04 01:02,./engine1.exe,./engine2.exe,./engine2.exe,0.001003,0.001035,17
2024-01-04 01:02,./engine1.exe,./engine2.exe,./engine2.exe,0.002006,0.0,17
2024-01-04 01:02,./engine1.exe,./engine2.exe,./engine2.exe,0.001002,0.0,17
2024-01-04 01:02,./engine1.exe,./engine2.exe,./engine2.exe,0.000999,0.0,17
2024-01-04 01:02,./engine1.exe,./engine2.exe,./engine2.exe,0.001185,0.0,17
2024-01-04 01:02,./engine1.exe,./engine2.exe,./engine2.exe,0.0,0.0,17
2024-01-04 01:02,./engine1.exe,./engine2.exe,./engine2.exe,0.001999,0.0,17
2024-01-04 01:02,./engine1.exe,./engine2.exe,./engine2.exe,0.001,0.000999,17
2024-01-04 01:02,./engine1.exe,./engine2.exe,./engine2.exe,0.001393,0.001001,17
2024-01-04 01:02,./engine1.exe,./engine2.exe,./engine2.exe,0.0,0.0,17
2024-01-04 01:02,./engine1.exe,./engine2.exe,./engine2.exe,0.0,0.00102,17
2024-01-04 01:02,./engine1.exe,./engine2.exe,./engine2.exe,0.001001,0.0,17
2024-01-04 01:02,./engine1.exe,./engine2.exe,./engine2.exe,0.0019979999999999998,0.0,17
2024-01-04 01:02,./engine1.exe,./engine2.exe,./engine2.exe,0.0,0.001,17
2024-01-04 01:02,./engine1.exe,./engine2.exe,./engine2.exe,0.00026,0.0,17
2024-01-04 01:02,./engine1.exe,./engine2.exe,./engine2.exe,0.001105,0.001124,17
2024-01-04 01:02,./engine1.exe,./engine2.exe,./engine2.exe,0.001347,0.001024,17
2024-01-04 01:02,./engine1.exe,./engine2.exe,./engine2.exe,0.002184,0.0,17
2024-01-04 01:02,./engine1.exe,./engine2.exe,./engine1.exe,0.004479,0.004259000000000001,136
2024-01-04 01:02,./engine1.exe,./engine2.exe,./engine1.exe,0.005209,0.002414,136
2024-01-04 01:02,./engine1.exe,./engine2.exe,./engine1.exe,0.003019,0.004047,136
2024-01-04 01:02,./engine1.exe,./engine2.exe,./engine1.exe,0.005541000000000001,0.003515,136
2024-01-04 01:02,./engine1.exe,./engine2.exe,./engine1.exe,0.002003,0.004005,136
2024-01-04 01:02,./engine1.exe,./engine2.exe,./engine1.exe,0.003471,0.005445,136
2024-01-04 01:02,./engine1.exe,./engine2.exe,./engine1.exe,0.005001,0.004006,136
2024-01-04 01:02,./engine1.exe,./engine2.exe,./engine1.exe,0.004405,0.005338000000000001,136
2024-01-04 01:02,./engine1.exe,./engine2.exe,./engine1.exe,0.00757,0.007895000000000001,136
2024-01-04 01:02,./engine1.exe,./engine2.exe,./engine1.exe,0.0020239999999999998,0.005085000000000001,136
2024-01-04 01:02,./engine1.exe,./engine2.exe,./engine1.exe,0.0041530000000000004,0.003,136
2024-01-04 01:02,./engine1.exe,./engine2.exe,./engine1.exe,0.0,0.0020940000000000004,136
2024-01-04 01:02,./engine1.exe,./engine2.exe,./engine1.exe,0.001001,0.0030670000000000003,136
2024-01-04 01:02,./engine1.exe,./engine2.exe,./engine1.exe,0.004005,0.0031330000000000004,136
2024-01-04 01:02,./engine1.exe,./engine2.exe,./engine1.exe,0.0029969999999999997,0.004383,136
2024-01-04 01:02,./engine1.exe,./engine2.exe,./engine1.exe,0.00536,0.00453,136
2024-01-04 01:02,./engine1.exe,./engine2.exe,./engine1.exe,0.005544999999999999,0.004241,136
2024-01-04 01:02,./engine1.exe,./engine2.exe,./engine1.exe,0.002251,0.0010140000000000001,48
2024-01-04 01:02,./engine1.exe,./engine2.exe,./engine1.exe,0.001033,0.0035120000000000004,48
2024-01-04 01:02,./engine1.exe,./engine2.exe,./engine2.exe,0.005248000000000001,0.006625000000000001,283
2024-01-04 01:02,./engine1.exe,./engine2.exe,./engine2.exe,0.011021,0.005997,283
2024-01-04 01:02,./engine1.exe,./engine2.exe,./engine2.exe,0.007233000000000001,0.008424999999999998,283
2024-01-04 01:02,./engine1.exe,./engine2.exe,./engine2.exe,0.008506999999999999,0.008762,283
2024-01-04 01:02,./engine1.exe,./engine2.exe,./engine2.exe,0.007147,0.010511,283
2024-01-04 01:02,./engine1.exe,./engine2.exe,./engine2.exe,0.015026000000000001,0.011099000000000001,283
2024-01-04 01:02,./engine1.exe,./engine2.exe,./engine2.exe,0.014325000000000003,0.005181,283
2024-01-04 01:02,./engine1.exe,./engine2.exe,./engine2.exe,0.009134000000000001,0.011326,283
2024-01-04 01:02,./engine1.exe,./engine2.exe,./engine2.exe,0.006409,0.006109,283
2024-01-04 01:02,./engine1.exe,./engine2.exe,./engine2.exe,0.005124000000000001,0.010172999999999998,283
2024-01-04 01:02,./engine1.exe,./engine2.exe,./engine2.exe,0.015104000000000003,0.009098000000000002,283
2024-01-04 01:02,./engine1.exe,./engine2.exe,./engine2.exe,0.009302000000000001,0.011493999999999997,283
2024-01-04 01:02,./engine1.exe,./engine2.exe,./engine2.exe,0.012436,0.01132,283
2024-01-04 01:02,./engine1.exe,./engine2.exe,./engine1.exe,0.002,0.000999,42
2024-01-04 01:02,./engine1.exe,./engine2.exe,./engine1.exe,0.003313,0.002,42
2024-01-04 01:02,./engine1.exe,./engine2.exe,./engine1.exe,0.0,0.002173,42
2024-01-04 01:02,./engine1.exe,./engine2.exe,./engine1.exe,0.003066,0.002097,42
2024-01-04 01:02,./engine1.exe,./engine2.exe,./engine1.exe,0.002001,0.002999,42
2024-01-04 01:02,./engine1.exe,./engine2.exe,./engine1.exe,0.004315,0.000999,42
2024-01-04 01:02,./engine1.exe,./engine2.exe,./engine1.exe,0.003525,0.0,42
2024-01-04 01:02,./engine1.exe,./engine2.exe,./engine1.exe,0.0,0.001102,42
2024-01-04 01:02,./engine1.exe,./engine2.exe,./engine1.exe,0.003998,0.000994,42
2024-01-04 01:02,./engine1.exe,./engine2.exe,./engine1.exe,0.0020039999999999997,0.003001,42
2024-01-04 01:02,./engine1.exe,./engine2.exe,./engine1.exe,0.001,0.003026,42
2024-01-04 01:02,./engine1.exe,./engine2.exe,./engine1.exe,0.004042,0.001006,42
2024-01-04 01:02,./engine1.exe,./engine2.exe,./engine1.exe,0.002036,0.000997,42
2024-01-04 01:02,./engine1.exe,./engine2.exe,./engine1.exe,0.002999,0.002001,42
2024-01-04 01:02,./engine1.exe,./engine2.exe,./engine1.exe,0.001024,0.002101,42
2024-01-04 01:02,./engine1.exe,./engine2.exe,./engine1.exe,0.0,0.001466,42
2024-01-04 01:02,./engine1.exe,./engine2.exe,./engine1.exe,0.001032,0.002013,42
2024-01-04 01:02,./engine1.exe,./engine2.exe,./engine1.exe,0.0,0.0020020000000000003,42
2024-01-04 01:02,./engine1.exe,./engine2.exe,./engine2.exe,0.001016,0.00141,39
2024-01-04 01:02,./engine1.exe,./engine2.exe,./engine2.exe,0.001327,0.000991,39
2024-01-04 01:02,./engine1.exe,./engine2.exe,./engine2.exe,0.001034,0.002,39
2024-01-04 01:02,./engine1.exe,./engine2.exe,./engine2.exe,0.001009,0.001009,39
2024-01-04 01:02,./engine1.exe,./engine2.exe,./engine2.exe,0.002362,0.0,39
2024-01-04 01:02,./engine1.exe,./engine2.exe,./engine2.exe,0.0031869999999999997,0.000999,39
2024-01-04 01:02,./engine1.exe,./engine2.exe,./engine2.exe,0.004002,0.0,39
2024-01-04 01:02,./engine1.exe,./engine2.exe,./engine2.exe,0.001506,0.001001,39
2024-01-04 01:02,./engine1.exe,./engine2.exe,./engine2.exe,0.001036,0.002101,39
2024-01-04 01:02,./engine1.exe,./engine2.exe,./engine2.exe,0.003163,0.00144,39
2024-01-04 01:02,./engine1.exe,./engine2.exe,./engine2.exe,0.00247,0.001062,39
2024-01-04 01:02,./engine1.exe,./engine2.exe,./engine2.exe,0.0019979999999999998,0.001001,39
2024-01-04 01:02,./engine1.exe,./engine2.exe,./engine2.exe,0.001033,0.0,39
2024-01-04 01:02,./engine1.exe,./engine2.exe,./engine2.exe,0.000999,0.00151,39
2024-01-04 01:02,./engine1.exe,./engine2.exe,./engine2.exe,0.0,0.003423,39
2024-01-04 01:02,./engine1.exe,./engine2.exe,./engine2.exe,0.002177,0.0016120000000000002,39
2024-01-04 01:02,./engine1.exe,./engine2.exe,./engine2.exe,0.001308,0.001085,39
2024-01-04 01:02,./engine1.exe,./engine2.exe,./engine2.exe,0.001588,0.000999,39
2024-01-04 01:02,./engine1.exe,./engine2.exe,./engine2.exe,0.002001,0.001,39
2024-01-04 01:02,./engine1.exe,./engine2.exe,./engine2.exe,0.002017,0.0029950000000000003,81
2024-01-04 01:02,./engine1.exe,./engine2.exe,./engine2.exe,0.000507,0.004318000000000001,81
2024-01-04 01:02,./engine1.exe,./engine2.exe,./engine2.exe,0.002997,0.004134,81
2024-01-04 01:02,./engine1.exe,./engine2.exe,./engine2.exe,0.001996,0.0032249999999999996,81
2024-01-04 01:02,./engine1.exe,./engine2.exe,./engine2.exe,0.0019979999999999998,0.002002,81
2024-01-04 01:02,./engine1.exe,./engine2.exe,./engine2.exe,0.002,0.005293,81
2024-01-04 01:02,./engine1.exe,./engine2.exe,./engine2.exe,0.003029,0.0020020000000000003,81
2024-01-04 01:02,./engine1.exe,./engine2.exe,./engine2.exe,0.003013,0.001297,81
2024-01-04 01:02,./engine1.exe,./engine2.exe,./engine2.exe,0.0019979999999999998,0.001002,81
2024-01-04 01:02,./engine1.exe,./engine2.exe,./engine2.exe,0.000999,0.001001,81
2024-01-04 01:02,./engine1.exe,./engine2.exe,./engine2.exe,0.0030350000000000004,0.004141,81
2024-01-04 01:02,./engine1.exe,./engine2.exe,./engine2.exe,0.0030030000000000005,0.003997,81
2024-01-04 01:02,./engine1.exe,./engine2.exe,./engine2.exe,0.000999,0.0041069999999999995,81
2024-01-04 01:02,./engine1.exe,./engine2.exe,./engine2.exe,0.003003,0.003,81
2024-01-04 01:02,./engine1.exe,./engine2.exe,./engine2.exe,0.002003,0.003,81
2024-01-04 01:02,./engine1.exe,./engine2.exe,./engine2.exe,0.001019,0.0020020000000000003,81
2024-01-04 01:02,./engine1.exe,./engine2.exe,./engine2.exe,0.0024200000000000003,0.001,81
2024-01-04 01:02,./engine1.exe,./engine2.exe,./engine2.exe,0.004997000000000001,0.003998,81
2024-01-04 01:02,./engine1.exe,./engine2.exe,./engine2.exe,0.001001,0.001001,81
2024-01-04 01:02,./engine1.exe,./engine2.exe,./engine2.exe,0.005157,0.001018,81
2024-01-04 01:02,./engine1.exe,./engine2.exe,./engine2.exe,0.003001,0.0,39
2024-01-04 01:02,./engine1.exe,./engine2.exe,./engine2.exe,0.000999,0.0019979999999999998,39
2024-01-04 01:02,./engine1.exe,./engine2.exe,./engine2.exe,0.0,0.0,39
2024-01-04 01:02,./engine1.exe,./engine2.exe,./engine2.exe,0.001999,0.001001,39
2024-01-04 01:02,./engine1.exe,./engine2.exe,./engine2.exe,0.000507,0.002016,39
2024-01-04 01:02,./engine1.exe,./engine2.exe,./engine2.exe,0.001,0.0,39
2024-01-04 01:02,./engine1.exe,./engine2.exe,./engine2.exe,0.002608,0.001118,39
2024-01-04 01:02,./engine1.exe,./engine2.exe,./engine2.exe,0.0,0.0,39
2024-01-04 01:02,./engine1.exe,./engine2.exe,./engine2.exe,0.002994,0.0,39
2024-01-04 01:02,./engine1.exe,./engine2.exe,./engine2.exe,0.0020870000000000003,0.0,39
2024-01-04 01:02,./engine1.exe,./engine2.exe,./engine2.exe,0.001246,0.000999,39
2024-01-04 01:02,./engine1.exe,./engine2.exe,./engine2.exe,0.00204,0.001198,39
2024-01-04 01:02,./engine1.exe,./engine2.exe,./engine2.exe,0.0,0.001511,39
2024-01-04 01:02,./engine1.exe,./engine2.exe,./engine2.exe,0.002003,0.000999,39
2024-01-04 01:02,./engine1.exe,./engine2.exe,./engine2.exe,0.001,0.0,39
2024-01-04 01:02,./engine1.exe,./engine2.exe,./engine2.exe,0.000994,0.001001,39
2024-01-04 01:02,./engine1.exe,./engine2.exe,./engine2.exe,0.001999,0.001,39
2024-01-04 01:02,./engine1.exe,./engine2.exe,./engine2.exe,0.002003,0.002002,39
2024-01-04 01:02,./engine1.exe,./engine2.exe,./engine2.exe,0.001012,0.001162,39
2024-01-04 01:02,./engine1.exe,./engine2.exe,./engine2.exe,0.0030009999999999998,0.0,39
2024-01-04 01:02,./engine1.exe,./engine2.exe,./engine2.exe,0.013621999999999999,0.007443999999999999,239
2024-01-04 01:02,./engine1.exe,./engine2.exe,./engine2.exe,0.007566000000000001,0.017710999999999994,239
2024-01-04 01:02,./engine1.exe,./engine2.exe,./engine2.exe,0.009971,0.009262000000000001,239
2024-01-04 01:02,./engine1.exe,./engine2.exe,./engine2.exe,0.006278000000000001,0.015598000000000002,239
2024-01-04 01:02,./engine1.exe,./engine2.exe,./engine2.exe,0.006090000000000001,0.012015,239
2024-01-04 01:02,./engine1.exe,./engine2.exe,./engine2.exe,0.010028000000000002,0.009481999999999999,239
2024-01-04 01:02,./engine1.exe,./engine2.exe,./engine2.exe,0.008117000000000001,0.008672000000000001,239
2024-01-04 01:02,./engine1.exe,./engine2.exe,./engine2.exe,0.010530000000000001,0.00701,239
2024-01-04 01:02,./engine1.exe,./engine2.exe,./engine2.exe,0.007,0.0030020000000000003,239
2024-01-04 01:02,./engine1.exe,./engine2.exe,./engine2.exe,0.008353000000000001,0.006655,239
2024-01-04 01:02,./engine1.exe,./engine2.exe,./engine2.exe,0.010867,0.005352,239
2024-01-04 01:02,./engine1.exe,./engine2.exe,./engine2.exe,0.008851999999999999,0.015133,239
2024-01-04 01:02,./engine1.exe,./engine2.exe,./engine2.exe,0.011005000000000001,0.008294,239
2024-01-04 01:02,./engine1.exe,./engine2.exe,./engine1.exe,0.0031019999999999997,0.005591,144
2024-01-04 01:02,./engine1.exe,./engine2.exe,./engine1.exe,0.002,0.003998,144
2024-01-04 01:02,./engine1.exe,./engine2.exe,./engine1.exe,0.007606999999999999,0.00502,144
2024-01-04 01:02,./engine1.exe,./engine2.exe,./engine1.exe,0.004353,0.004112,144
2024-01-04 01:02,./engine1.exe,./engine2.exe,./engine1.exe,0.0045249999999999995,0.006388,144
2024-01-04 01:02,./engine1.exe,./engine2.exe,./engine1.exe,0.005857,0.004088,144
2024-01-04 01:02,./engine1.exe,./engine2.exe,./engine1.exe,0.005143999999999999,0.002193,144
2024-01-04 01:02,./engine1.exe,./engine2.exe,./engine1.exe,0.0039970000000000006,0.0022500000000000003,144
2024-01-04 01:02,./engine1.exe,./engine2.exe,./engine1.exe,0.004011,0.007886,144
2024-01-04 01:02,./engine1.exe,./engine2.exe,./engine1.exe,0.002863,0.008228,144
2024-01-04 01:02,./engine1.exe,./engine2.exe,./engine1.exe,0.001,0.0024460000000000003,36
2024-01-04 01:02,./engine1.exe,./engine2.exe,./engine1.exe,0.0021130000000000003,0.00101,36
2024-01-04 01:02,./engine1.exe,./engine2.exe,./engine1.exe,0.001414,0.003368,36
2024-01-04 01:02,./engine1.exe,./engine2.exe,./engine1.exe,0.001217,0.001389,36
2024-01-04 01:02,./engine1.exe,./engine2.exe,./engine1.exe,0.001507,0.001007,36
2024-01-04 01:02,./engine1.exe,./engine2.exe,./engine1.exe,0.0,0.002013,36
2024-01-04 01:02,./engine1.exe,./engine2.exe,./engine1.exe,0.004938,0.0,36
2024-01-04 01:02,./engine1.exe,./engine2.exe,./engine1.exe,0.000999,0.0038469999999999997,36
2024-01-04 01:02,./engine1.exe,./engine2.exe,./engine1.exe,0.001066,0.002005,36
2024-01-04 01:02,./engine1.exe,./engine2.exe,./engine1.exe,0.0,0.004312,36
2024-01-04 01:02,./engine1.exe,./engine2.exe,./engine1.exe,0.002,0.001002,36
2024-01-04 01:02,./engine1.exe,./engine2.exe,./engine1.exe,0.00151,0.000999,36
2024-01-04 01:02,./engine1.exe,./engine2.exe,./engine1.exe,0.0,0.004557,36
2024-01-04 01:02,./engine1.exe,./engine2.exe,./engine1.exe,0.0024619999999999998,0.0,36
2024-01-04 01:02,./engine1.exe,./engine2.exe,./engine1.exe,0.001136,0.00113,36
2024-01-04 01:02,./engine1.exe,./engine2.exe,./engine1.exe,0.000995,0.002332,36
2024-01-04 01:02,./engine1.exe,./engine2.exe,./engine1.exe,0.0,0.0022630000000000003,36
2024-01-04 01:02,./engine1.exe,./engine2.exe,./engine1.exe,0.004085,0.003,108
2024-01-04 01:02,./engine1.exe,./engine2.exe,./engine1.exe,0.0,0.005171,108
2024-01-04 01:02,./engine1.exe,./engine2.exe,./engine1.exe,0.0030029999999999996,0.002996,108
2024-01-04 01:02,./engine1.exe,./engine2.exe,./engine1.exe,0.001015,0.00339,108
2024-01-04 01:02,./engine1.exe,./engine2.exe,./engine1.exe,0.006727,0.002321,108
2024-01-04 01:02,./engine1.exe,./engine2.exe,./engine1.exe,0.0030150000000000003,0.002006,108
2024-01-04 01:02,./engine1.exe,./engine2.exe,./engine1.exe,0.001001,0.008018,108
2024-01-04 01:02,./engine1.exe,./engine2.exe,./engine1.exe,0.003018,0.0030090000000000004,108
2024-01-04 01:02,./engine1.exe,./engine2.exe,./engine1.exe,0.00203,0.0032589999999999997,108
2024-01-04 01:02,./engine1.exe,./engine2.exe,./engine1.exe,0.007384,0.002174,108
2024-01-04 01:02,./engine1.exe,./engine2.exe,./engine1.exe,0.005655,0.004216999999999999,108
2024-01-04 01:02,./engine1.exe,./engine2.exe,./engine1.exe,0.005154,0.002169,108
2024-01-04 01:02,./engine1.exe,./engine2.exe,./engine1.exe,0.007001,0.001999,108
2024-01-04 01:02,./engine1.exe,./engine2.exe,./engine1.exe,0.001998,0.007002,108
2024-01-04 01:02,./engine1.exe,./engine2.exe,./engine1.exe,0.002998,0.001001,108
2024-01-04 01:02,./engine1.exe,./engine2.exe,./engine1.exe,0.005001,0.001,108
2024-01-04 01:02,./engine1.exe,./engine2.exe,./engine1.exe,0.003066,0.003,108
2024-01-04 01:02,./engine1.exe,./engine2.exe,./engine1.exe,0.006384,0.003027,108
2024-01-04 01:02,./engine1.exe,./engine2.exe,./engine1.exe,0.012681000000000001,0.009771,398
2024-01-04 01:02,./engine1.exe,./engine2.exe,./engine1.exe,0.010008,0.016989,398
2024-01-04 01:02,./engine1.exe,./engine2.exe,./engine1.exe,0.017624,0.010930999999999998,398
2024-01-04 01:02,./engine1.exe,./engine2.exe,./engine1.exe,0.005027,0.015489000000000001,398
2024-01-04 01:02,./engine1.exe,./engine2.exe,./engine1.exe,0.01106,0.008445,398
2024-01-04 01:02,./engine1.exe,./engine2.exe,./engine1.exe,0.008139,0.013783000000000002,398
2024-01-04 01:02,./engine1.exe,./engine2.exe,./engine1.exe,0.010114999999999999,0.018373999999999998,398
2024-01-04 01:02,./engine1.exe,./engine2.exe,./engine1.exe,0.009266,0.014950999999999999,398
2024-01-04 01:02,./engine1.exe,./engine2.exe,./engine1.exe,0.016440999999999997,0.012930000000000002,398
2024-01-04 01:02,./engine1.exe,./engine2.exe,./engine1.exe,0.01165,0.008046,398
2024-01-04 01:02,./engine1.exe,./engine2.exe,./engine1.exe,0.013159,0.013167,398
2024-01-04 01:02,./engine1.exe,./engine2.exe,./engine1.exe,0.017603,0.016412,398
2024-01-04 01:02,./engine1.exe,./engine2.exe,./engine2.exe,0.004007,0.004513,105
2024-01-04 01:02,./engine1.exe,./engine2.exe,./engine2.exe,0.00106,0.0035789999999999997,105
2024-01-04 01:02,./engine1.exe,./engine2.exe,./engine2.exe,0.001038,0.002151,105
2024-01-04 01:02,./engine1.exe,./engine2.exe,./engine2.exe,0.002999,0.005242,105
2024-01-04 01:02,./engine1.exe,./engine2.exe,./engine2.exe,0.003,0.004,105
2024-01-04 01:02,./engine1.exe,./engine2.exe,./engine2.exe,0.003123,0.0047150000000000004,105
2024-01-04 01:02,./engine1.exe,./engine2.exe,./engine2.exe,0.0051129999999999995,0.004562999999999999,105
2024-01-04 01:02,./engine1.exe,./engine2.exe,./engine2.exe,0.004003,0.003063,105
2024-01-04 01:02,./engine1.exe,./engine2.exe,./engine2.exe,0.002001,0.004033,105
2024-01-04 01:02,./engine1.exe,./engine2.exe,./engine2.exe,0.004024,0.004736,105
2024-01-04 01:02,./engine1.exe,./engine2.exe,./engine2.exe,0.0021910000000000002,0.006554,105
2024-01-04 01:02,./engine1.exe,./engine2.exe,./engine2.exe,0.00328,0.001176,105
2024-01-04 01:02,./engine1.exe,./engine2.exe,./engine2.exe,0.005343,0.002146,105
2024-01-04 01:02,./engine1.exe,./engine2.exe,./engine2.exe,0.002242,0.006345,105
2024-01-04 01:02,./engine1.exe,./engine2.exe,./engine2.exe,0.0020700000000000002,0.005013,105
2024-01-04 01:02,./engine1.exe,./engine2.exe,./engine2.exe,0.002332,0.008749999999999999,105
2024-01-04 01:02,./engine1.exe,./engine2.exe,./engine2.exe,0.007864,0.002386,105
2024-01-04 01:02,./engine1.exe,./engine2.exe,./engine2.exe,0.005305,0.003561,105
2024-01-04 01:02,./engine1.exe,./engine2.exe,./engine2.exe,0.04348200000000001,0.039178,1655
2024-01-04 01:02,./engine1.exe,./engine2.exe,./engine2.exe,0.055469,0.04937000000000001,1655
2024-01-04 01:02,./engine1.exe,./engine2.exe,./engine2.exe,0.04977800000000001,0.062347,1655
2024-01-04 01:02,./engine1.exe,./engine2.exe,./engine2.exe,0.06538200000000002,0.039825000000000006,1655
2024-01-04 01:02,./engine1.exe,./engine2.exe,./engine2.exe,0.037115,0.06029600000000001,1655
2024-01-04 01:02,./engine1.exe,./engine2.exe,./engine2.exe,0.004,0.000997,65
2024-01-04 01:02,./engine1.exe,./engine2.exe,./engine2.exe,0.003999,0.003001,65
2024-01-04 01:02,./engine1.exe,./engine2.exe,./engine2.exe,0.002999,0.002999,65
2024-01-04 01:02,./engine1.exe,./engine2.exe,./engine2.exe,0.001009,0.0032589999999999997,65
2024-01-04 01:02,./engine1.exe,./engine2.exe,./engine2.exe,0.004,0.001002,65
2024-01-04 01:02,./engine1.exe,./engine2.exe,./engine2.exe,0.002087,0.001114,65
2024-01-04 01:02,./engine1.exe,./engine2.exe,./engine2.exe,0.001035,0.001037,65
2024-01-04 01:02,./engine1.exe,./engine2.exe,./engine2.exe,0.004556,0.003856,65
2024-01-04 01:02,./engine1.exe,./engine2.exe,./engine2.exe,0.001004,0.001996,65
2024-01-04 01:02,./engine1.exe,./engine2.exe,./engine2.exe,0.0,0.0,65
2024-01-04 01:02,./engine1.exe,./engine2.exe,./engine2.exe,0.002001,0.002001,65
2024-01-04 01:02,./engine1.exe,./engine2.exe,./engine2.exe,0.002338,0.003274,65
2024-01-04 01:02,./engine1.exe,./engine2.exe,./engine2.exe,0.0,0.000998,65
2024-01-04 01:02,./engine1.exe,./engine2.exe,./engine2.exe,0.001,0.002,65
2024-01-04 01:02,./engine1.exe,./engine2.exe,./engine2.exe,0.002001,0.002003,65
2024-01-04 01:02,./engine1.exe,./engine2.exe,./engine2.exe,0.001009,0.0056960000000000005,65
2024-01-04 01:02,./engine1.exe,./engine2.exe,./engine2.exe,0.002007,0.0050669999999999995,65
2024-01-04 01:02,./engine1.exe,./engine2.exe,./engine2.exe,0.0,0.00351,35
2024-01-04 01:02,./engine1.exe,./engine2.exe,./engine2.exe,0.001999,0.000998,35
2024-01-04 01:02,./engine1.exe,./engine2.exe,./engine2.exe,0.0,0.002117,35
2024-01-04 01:02,./engine1.exe,./engine2.exe,./engine2.exe,0.001003,0.0021479999999999997,35
2024-01-04 01:02,./engine1.exe,./engine2.exe,./engine2.exe,0.001999,0.0,35
2024-01-04 01:02,./engine1.exe,./engine2.exe,./engine2.exe,0.004001,0.0,35
2024-01-04 01:02,./engine1.exe,./engine2.exe,./engine2.exe,0.001072,0.0032050000000000004,35
2024-01-04 01:02,./engine1.exe,./engine2.exe,./engine2.exe,0.001999,0.000999,35
2024-01-04 01:02,./engine1.exe,./engine2.exe,./engine2.exe,0.0,0.00106,35
2024-01-04 01:02,./engine1.exe,./engine2.exe,./engine2.exe,0.002159,0.001156,35
2024-01-04 01:02,./engine1.exe,./engine2.exe,./engine2.exe,0.0,0.0,35
2024-01-04 01:02,./engine1.exe,./engine2.exe,./engine2.exe,0.002322,0.001192,35
2024-01-04 01:02,./engine1.exe,./engine2.exe,./engine2.exe,0.001999,0.001004,35
2024-01-04 01:02,./engine1.exe,./engine2.exe,./engine2.exe,0.0,0.0,35
2024-01-04 01:02,./engine1.exe,./engine2.exe,./engine2.exe,0.0020290000000000004,0.0,35
2024-01-04 01:02,./engine1.exe,./engine2.exe,./engine2.exe,0.001999,0.002001,35
2024-01-04 01:02,./engine1.exe,./engine2.exe,./engine2.exe,0.001017,0.002127,35
2024-01-04 01:02,./engine1.exe,./engine2.exe,./engine2.exe,0.001104,0.001007,35
2024-01-04 01:02,./engine1.exe,./engine2.exe,./engine2.exe,0.0,0.0,35
2024-01-04 01:02,./engine1.exe,./engine2.exe,./engine2.exe,0.001999,0.0020020000000000003,35
2024-01-04 01:02,./engine1.exe,./engine2.exe,./engine2.exe,0.001011,0.001334,35
2024-01-04 01:02,./engine1.exe,./engine2.exe,./engine2.exe,0.001999,0.001166,35
2024-01-04 01:02,./engine1.exe,./engine2.exe,./engine2.exe,0.006007,0.007,165
2024-01-04 01:02,./engine1.exe,./engine2.exe,./engine2.exe,0.007600000000000001,0.0052,165
2024-01-04 01:02,./engine1.exe,./engine2.exe,./engine2.exe,0.005437,0.005163,165
2024-01-04 01:02,./engine1.exe,./engine2.exe,./engine2.exe,0.0060030000000000005,0.006001,165
2024-01-04 01:02,./engine1.exe,./engine2.exe,./engine2.exe,0.0,0.007149999999999999,165
2024-01-04 01:02,./engine1.exe,./engine2.exe,./engine2.exe,0.004097,0.0050290000000000005,165
2024-01-04 01:02,./engine1.exe,./engine2.exe,./engine2.exe,0.005001,0.004997,165
2024-01-04 01:02,./engine1.exe,./engine2.exe,./engine2.exe,0.004996,0.006016,165
2024-01-04 01:02,./engine1.exe,./engine2.exe,./engine2.exe,0.004069,0.008015,165
2024-01-04 01:02,./engine1.exe,./engine2.exe,./engine2.exe,0.007306,0.002532,165
2024-01-04 01:02,./engine1.exe,./engine2.exe,./engine2.exe,0.002999,0.008003,165
2024-01-04 01:02,./engine1.exe,./engine2.exe,./engine2.exe,0.004007,0.005051000000000001,165
2024-01-04 01:02,./engine1.exe,./engine2.exe,./engine2.exe,0.005701,0.006282,165
2024-01-04 01:02,./engine1.exe,./engine2.exe,./engine2.exe,0.004076,0.006025,165
2024-01-04 01:02,./engine1.exe,./engine2.exe,./engine2.exe,0.006108,0.004999,165
2024-01-04 01:02,./engine1.exe,./engine2.exe,./engine2.exe,0.004029,0.004523,165
2024-01-04 01:02,./engine1.exe,./engine2.exe,./engine2.exe,0.00514,0.00673,165
2024-01-04 01:02,./engine1.exe,./engine2.exe,./engine1.exe,0.0,0.000998,26
2024-01-04 01:02,./engine1.exe,./engine2.exe,./engine1.exe,0.0,0.002232,26
2024-01-04 01:02,./engine1.exe,./engine2.exe,./engine1.exe,0.001067,0.0,26
2024-01-04 01:02,./engine1.exe,./engine2.exe,./engine1.exe,0.0,0.0025329999999999997,26
2024-01-04 01:02,./engine1.exe,./engine2.exe,./engine1.exe,0.002013,0.0,26
2024-01-04 01:02,./engine1.exe,./engine2.exe,./engine1.exe,0.001019,0.000998,26
2024-01-04 01:02,./engine1.exe,./engine2.exe,./engine1.exe,0.0,0.001023,26
2024-01-04 01:02,./engine1.exe,./engine2.exe,./engine1.exe,0.002,0.0,26
2024-01-04 01:02,./engine1.exe,./engine2.exe,./engine1.exe,0.0,0.000999,26
2024-01-04 01:02,./engine1.exe,./engine2.exe,./engine1.exe,0.001109,0.0,26
2024-01-04 01:02,./engine1.exe,./engine2.exe,./engine1.exe,0.000999,0.001001,26
2024-01-04 01:02,./engine1.exe,./engine2.exe,./engine1.exe,0.0019979999999999998,0.0,26
2024-01-04 01:02,./engine1.exe,./engine2.exe,./engine1.exe,0.001017,0.001,26
2024-01-04 01:02,./engine1.exe,./engine2.exe,./engine1.exe,0.001235,0.002012,26
2024-01-04 01:02,./engine1.exe,./engine2.exe,./engine1.exe,0.0,0.001348,26
2024-01-04 01:02,./engine1.exe,./engine2.exe,./engine1.exe,0.003,0.000999,26
2024-01-04 01:02,./engine1.exe,./engine2.exe,./engine1.exe,0.001008,0.0,26
2024-01-04 01:02,./engine1.exe,./engine2.exe,./engine1.exe,0.0,0.0,26
2024-01-04 01:02,./engine1.exe,./engine2.exe,./engine1.exe,0.001999,0.000999,26
2024-01-04 01:02,./engine1.exe,./engine2.exe,./engine1.exe,0.01033,0.004392999999999999,180
2024-01-04 01:02,./engine1.exe,./engine2.exe,./engine1.exe,0.010292,0.006670000000000001,180
2024-01-04 01:02,./engine1.exe,./engine2.exe,./engine1.exe,0.006627,0.008896,180
2024-01-04 01:02,./engine1.exe,./engine2.exe,./engine1.exe,0.006188,0.007732000000000001,180
2024-01-04 01:02,./engine1.exe,./engine2.exe,./engine1.exe,0.004001,0.006023000000000001,180
2024-01-04 01:02,./engine1.exe,./engine2.exe,./engine1.exe,0.0076619999999999995,0.002001,180
2024-01-04 01:02,./engine1.exe,./engine2.exe,./engine1.exe,0.006349,0.006049,180
2024-01-04 01:02,./engine1.exe,./engine2.exe,./engine1.exe,0.004165,0.0051909999999999994,180
2024-01-04 01:02,./engine1.exe,./engine2.exe,./engine1.exe,0.009844000000000002,0.006894,180
2024-01-04 01:02,./engine1.exe,./engine2.exe,./engine1.exe,0.004001,0.008395000000000001,180
2024-01-04 01:02,./engine1.exe,./engine2.exe,./engine1.exe,0.010381999999999999,0.009346,180
2024-01-04 01:02,./engine1.exe,./engine2.exe,./engine1.exe,0.009303,0.005393,180
2024-01-04 01:02,./engine1.exe,./engine2.exe,./engine1.exe,0.004116,0.008183000000000001,180
2024-01-04 01:02,./engine1.exe,./engine2.exe,./engine1.exe,0.004993,0.007365000000000001,180
2024-01-04 01:02,./engine1.exe,./engine2.exe,./engine2.exe,0.003616,0.004246,141
2024-01-04 01:02,./engine1.exe,./engine2.exe,./engine2.exe,0.002007,0.007655,141
2024-01-04 01:02,./engine1.exe,./engine2.exe,./engine2.exe,0.0065450000000000005,0.002177,141
2024-01-04 01:02,./engine1.exe,./engine2.exe,./engine2.exe,0.008534,0.0030169999999999997,141
2024-01-04 01:02,./engine1.exe,./engine2.exe,./engine2.exe,0.0030169999999999997,0.0059949999999999995,141
2024-01-04 01:02,./engine1.exe,./engine2.exe,./engine2.exe,0.003188,0.0034669999999999996,141
2024-01-04 01:02,./engine1.exe,./engine2.exe,./engine2.exe,0.006284999999999999,0.006011,141
2024-01-04 01:02,./engine1.exe,./engine2.exe,./engine2.exe,0.006167999999999999,0.004999,141
2024-01-04 01:02,./engine1.exe,./engine2.exe,./engine2.exe,0.006801,0.005968,141
2024-01-04 01:02,./engine1.exe,./engine2.exe,./engine2.exe,0.00745,0.0064010000000000004,141
2024-01-04 01:02,./engine1.exe,./engine2.exe,./engine2.exe,0.005998,0.0,141
2024-01-04 01:02,./engine1.exe,./engine2.exe,./engine2.exe,0.007456,0.003999,141
2024-01-04 01:02,./engine1.exe,./engine2.exe,./engine2.exe,0.00507,0.005065,141
2024-01-04 01:02,./engine1.exe,./engine2.exe,./engine2.exe,0.0033640000000000002,0.004485,141
2024-01-04 01:02,./engine1.exe,./engine2.exe,./engine2.exe,0.004999,0.005293,141
2024-01-04 01:02,./engine1.exe,./engine2.exe,./engine2.exe,0.008036999999999999,0.0041800000000000006,141
2024-01-04 01:02,./engine1.exe,./engine2.exe,./engine1.exe,0.003001,0.000999,56
2024-01-04 01:02,./engine1.exe,./engine2.exe,./engine1.exe,0.003099,0.001136,56
2024-01-04 01:02,./engine1.exe,./engine2.exe,./engine1.exe,0.0024660000000000003,0.001011,56
2024-01-04 01:02,./engine1.exe,./engine2.exe,./engine1.exe,0.004411,0.000506,56
2024-01-04 01:02,./engine1.exe,./engine2.exe,./engine1.exe,0.0038520000000000004,0.003018,56
2024-01-04 01:02,./engine1.exe,./engine2.exe,./engine1.exe,0.004017000000000001,0.001,56
2024-01-04 01:02,./engine1.exe,./engine2.exe,./engine1.exe,0.001,0.0020150000000000003,56
2024-01-04 01:02,./engine1.exe,./engine2.exe,./engine1.exe,0.000998,0.000998,56
2024-01-04 01:02,./engine1.exe,./engine2.exe,./engine1.exe,0.003143,0.000998,56
2024-01-04 01:02,./engine1.exe,./engine2.exe,./engine1.exe,0.00322,0.0023940000000000003,56
2024-01-04 01:02,./engine1.exe,./engine2.exe,./engine1.exe,0.0,0.0,56
2024-01-04 01:02,./engine1.exe,./engine2.exe,./engine1.exe,0.001998,0.001999,56
2024-01-04 01:02,./engine1.exe,./engine2.exe,./engine1.exe,0.004001,0.0,56
2024-01-04 01:02,./engine1.exe,./engine2.exe,./engine1.exe,0.0,0.003166,56
2024-01-04 01:02,./engine1.exe,./engine2.exe,./engine1.exe,0.00103,0.0,56
2024-01-04 01:02,./engine1.exe,./engine2.exe,./engine1.exe,0.002001,0.003317,56
2024-01-04 01:02,./engine1.exe,./engine2.exe,./engine1.exe,0.003155,0.0,56
2024-01-04 01:02,./engine1.exe,./engine2.exe,./engine1.exe,0.004373,0.0,56
2024-01-04 01:02,./engine1.exe,./engine2.exe,./engine1.exe,0.0021650000000000003,0.0,56
2024-01-04 01:02,./engine1.exe,./engine2.exe,./engine1.exe,0.002997,0.001002,56
2024-01-04 01:02,./engine1.exe,./engine2.exe,./engine1.exe,0.00218,0.003613,42
2024-01-04 01:02,./engine1.exe,./engine2.exe,./engine1.exe,0.000999,0.0023160000000000004,42
2024-01-04 01:02,./engine1.exe,./engine2.exe,./engine1.exe,0.001,0.002,42
2024-01-04 01:02,./engine1.exe,./engine2.exe,./engine1.exe,0.00051,0.0,42
2024-01-04 01:02,./engine1.exe,./engine2.exe,./engine1.exe,0.003342,0.0,42
2024-01-04 01:02,./engine1.exe,./engine2.exe,./engine1.exe,0.0020169999999999997,0.000999,42
2024-01-04 01:02,./engine1.exe,./engine2.exe,./engine1.exe,0.0,0.004148,42
2024-01-04 01:02,./engine1.exe,./engine2.exe,./engine1.exe,0.001,0.0033299999999999996,42
2024-01-04 01:02,./engine1.exe,./engine2.exe,./engine1.exe,0.002335,0.001069,42
2024-01-04 01:02,./engine1.exe,./engine2.exe,./engine1.exe,0.002012,0.0020299999999999997,42
2024-01-04 01:02,./engine1.exe,./engine2.exe,./engine1.exe,0.0,0.000999,42
2024-01-04 01:02,./engine1.exe,./engine2.exe,./engine1.exe,0.0020109999999999998,0.0,42
2024-01-04 01:02,./engine1.exe,./engine2.exe,./engine1.exe,0.003222,0.003009,42
2024-01-04 01:02,./engine1.exe,./engine2.exe,./engine1.exe,0.003236,0.001012,42
2024-01-04 01:02,./engine1.exe,./engine2.exe,./engine1.exe,0.001019,0.002009,42
2024-01-04 01:02,./engine1.exe,./engine2.exe,./engine1.exe,0.0021089999999999998,0.0,42
2024-01-04 01:02,./engine1.exe,./engine2.exe,./engine1.exe,0.0,0.002042,42
2024-01-04 01:02,./engine1.exe,./engine2.exe,./engine1.exe,0.005164,0.002271,100
2024-01-04 01:02,./engine1.exe,./engine2.exe,./engine1.exe,0.003568,0.0036309999999999997,100
2024-01-04 01:02,./engine1.exe,./engine2.exe,./engine1.exe,0.0029969999999999997,0.007247,100
2024-01-04 01:02,./engine1.exe,./engine2.exe,./engine1.exe,0.0074589999999999995,0.0034869999999999996,100
2024-01-04 01:02,./engine1.exe,./engine2.exe,./engine1.exe,0.002486,0.003558,100
2024-01-04 01:02,./engine1.exe,./engine2.exe,./engine1.exe,0.0030269999999999997,0.003112,100
2024-01-04 01:02,./engine1.exe,./engine2.exe,./engine1.exe,0.004998,0.004205,100
2024-01-04 01:02,./engine1.exe,./engine2.exe,./engine1.exe,0.004019,0.0064399999999999995,100
2024-01-04 01:02,./engine1.exe,./engine2.exe,./engine1.exe,0.005385,0.002164,100
2024-01-04 01:02,./engine1.exe,./engine2.exe,./engine1.exe,0.004076000000000001,0.004242,100
2024-01-04 01:02,./engine1.exe,./engine2.exe,./engine1.exe,0.006939,0.0030020000000000003,100
2024-01-04 01:02,./engine1.exe,./engine2.exe,./engine1.exe,0.005064000000000001,0.005091,100
2024-01-04 01:02,./engine1.exe,./engine2.exe,./engine1.exe,0.008079,0.00223,100
2024-01-04 01:02,./engine1.exe,./engine2.exe,./engine1.exe,0.005574,0.002296,100
2024-01-04 01:02,./engine1.exe,./engine2.exe,./engine1.exe,0.000999,0.0052,100
2024-01-04 01:02,./engine1.exe,./engine2.exe,./engine1.exe,0.008144,0.007016,156
2024-01-04 01:02,./engine1.exe,./engine2.exe,./engine1.exe,0.005999,0.005119,156
2024-01-04 01:02,./engine1.exe,./engine2.exe,./engine1.exe,0.008046,0.004685,156
2024-01-04 01:02,./engine1.exe,./engine2.exe,./engine1.exe,0.004008,0.008150000000000001,156
2024-01-04 01:02,./engine1.exe,./engine2.exe,./engine1.exe,0.004225,0.007491,156
2024-01-04 01:02,./engine1.exe,./engine2.exe,./engine1.exe,0.004195,0.008277,156
2024-01-04 01:02,./engine1.exe,./engine2.exe,./engine1.exe,0.0030039999999999997,0.007085,156
2024-01-04 01:02,./engine1.exe,./engine2.exe,./engine1.exe,0.0075390000000000006,0.004085,156
2024-01-04 01:02,./engine1.exe,./engine2.exe,./engine1.exe,0.006429,0.0041860000000000005,156
2024-01-04 01:02,./engine1.exe,./engine2.exe,./engine1.exe,0.004001,0.005998,156
2024-01-04 01:02,./engine1.exe,./engine2.exe,./engine1.exe,0.001008,0.002652,156
2024-01-04 01:02,./engine1.exe,./engine2.exe,./engine1.exe,0.003484,0.008331999999999999,156
2024-01-04 01:02,./engine1.exe,./engine2.exe,./engine1.exe,0.0030150000000000003,0.012711000000000002,156
2024-01-04 01:02,./engine1.exe,./engine2.exe,./engine1.exe,0.005081,0.006126,156
2024-01-04 01:02,./engine1.exe,./engine2.exe,./engine1.exe,0.0060090000000000005,0.005993999999999999,156
2024-01-04 01:02,./engine1.exe,./engine2.exe,./engine1.exe,0.0039959999999999996,0.002005,156
2024-01-04 01:02,./engine1.exe,./engine2.exe,./engine2.exe,0.0,0.000999,55
2024-01-04 01:02,./engine1.exe,./engine2.exe,./engine2.exe,0.0,0.003073,55
2024-01-04 01:02,./engine1.exe,./engine2.exe,./engine2.exe,0.001002,0.003005,55
2024-01-04 01:02,./engine1.exe,./engine2.exe,./engine2.exe,0.003295,0.000998,55
2024-01-04 01:02,./engine1.exe,./engine2.exe,./engine2.exe,0.001027,0.003019,55
2024-01-04 01:02,./engine1.exe,./engine2.exe,./engine2.exe,0.002003,0.001997,55
2024-01-04 01:02,./engine1.exe,./engine2.exe,./engine2.exe,0.002001,0.0023039999999999996,55
2024-01-04 01:02,./engine1.exe,./engine2.exe,./engine2.exe,0.0031060000000000003,0.00207,55
2024-01-04 01:02,./engine1.exe,./engine2.exe,./engine2.exe,0.002001,0.001016,55
2024-01-04 01:02,./engine1.exe,./engine2.exe,./engine2.exe,0.001016,0.002114,55
2024-01-04 01:02,./engine1.exe,./engine2.exe,./engine2.exe,0.002215,0.002287,55
2024-01-04 01:02,./engine1.exe,./engine2.exe,./engine2.exe,0.001003,0.003469,55
2024-01-04 01:02,./engine1.exe,./engine2.exe,./engine2.exe,0.0030139999999999998,0.003758,55
2024-01-04 01:02,./engine1.exe,./engine2.exe,./engine2.exe,0.0032239999999999994,0.0030150000000000003,55
2024-01-04 01:02,./engine1.exe,./engine2.exe,./engine2.exe,0.000999,0.004999,55
2024-01-04 01:02,./engine1.exe,./engine2.exe,./engine2.exe,0.002182,0.0021260000000000003,55
2024-01-04 01:02,./engine1.exe,./engine2.exe,./engine2.exe,0.004048,0.000998,55
2024-01-04 01:02,./engine1.exe,./engine2.exe,./engine2.exe,0.0,0.0030810000000000004,55
2024-01-04 01:02,./engine1.exe,./engine2.exe,./engine2.exe,0.0031520000000000003,0.003124,55
2024-01-04 01:02,./engine1.exe,./engine2.exe,./engine2.exe,0.001,0.0030039999999999997,55
2024-01-04 01:02,./engine1.exe,./engine2.exe,./engine2.exe,0.005064,0.00201,73
2024-01-04 01:02,./engine1.exe,./engine2.exe,./engine2.exe,0.005712,0.0,73